Suite/Test/Step Name,Browser,Description,Tag,Start time,End time,Duration,Status
Run Interation 2,Chrome 90.0.4430.212,,,2021-05-28 17:39:54,2021-05-28 18:06:20,26m - 26.641s,FAILED
,,,,,,,
Test Cases/Chat,Chrome 90.0.4430.212,,,2021-05-28 17:39:56,2021-05-28 17:40:50,54.390s,FAILED
"openBrowser("""")",Chrome 90.0.4430.212,,,2021-05-28 17:39:57,2021-05-28 17:40:01,3.904s,PASSED
"navigateToUrl(""https://cdnc-group2.herokuapp.com/"")",Chrome 90.0.4430.212,,,2021-05-28 17:40:01,2021-05-28 17:40:06,5.319s,PASSED
"setText(findTestObject(""Object Repository/Chat_Mattermose_OR/Page_Mattermost/input_All team communication in one place, _dcc84b""), ""ngoctin040999@gmail.com"")",Chrome 90.0.4430.212,,,2021-05-28 17:40:06,2021-05-28 17:40:11,5.294s,PASSED
"setEncryptedText(findTestObject(""Object Repository/Chat_Mattermose_OR/Page_Mattermost/input_All team communication in one place, _a3edc6""), ""S8w1SJvl7D1hts9IdMV+NQ=="")",Chrome 90.0.4430.212,,,2021-05-28 17:40:11,2021-05-28 17:40:12,0.649s,PASSED
"sendKeys(findTestObject(""Object Repository/Chat_Mattermose_OR/Page_Mattermost/input_All team communication in one place, _a3edc6""), Keys.chord(ENTER))",Chrome 90.0.4430.212,,,2021-05-28 17:40:12,2021-05-28 17:40:12,0.492s,PASSED
"click(findTestObject(""Object Repository/Chat_Mattermose_OR/Page_Town Square - TOKEN Mattermost/span_Test 77777""))",Chrome 90.0.4430.212,,,2021-05-28 17:40:12,2021-05-28 17:40:50,37.923s,FAILED
,,,,,,,
Test Cases/Login,Chrome 90.0.4430.212,,,2021-05-28 17:40:50,2021-05-28 17:41:09,18.338s,PASSED
"openBrowser("""")",Chrome 90.0.4430.212,,,2021-05-28 17:40:51,2021-05-28 17:40:54,2.684s,PASSED
"navigateToUrl(""https://cdnc-group2.herokuapp.com/"")",Chrome 90.0.4430.212,,,2021-05-28 17:40:54,2021-05-28 17:40:58,4.142s,PASSED
"setText(findTestObject(""Login_Mattermost_OR/input_All team communication in one place, _dcc84b""), Username)",Chrome 90.0.4430.212,,,2021-05-28 17:40:58,2021-05-28 17:41:03,5.058s,PASSED
"setText(findTestObject(""Login_Mattermost_OR/input_All team communication in one place, _a3edc6""), Password)",Chrome 90.0.4430.212,,,2021-05-28 17:41:03,2021-05-28 17:41:04,0.816s,PASSED
"click(findTestObject(""Login_Mattermost_OR/span_Sign in""))",Chrome 90.0.4430.212,,,2021-05-28 17:41:04,2021-05-28 17:41:04,0.557s,PASSED
"if (Username != ""ngoctin040999@gmail.com"")",Chrome 90.0.4430.212,,,2021-05-28 17:41:04,2021-05-28 17:41:04,0.001s,PASSED
else,Chrome 90.0.4430.212,,,2021-05-28 17:41:04,2021-05-28 17:41:08,3.720s,PASSED
closeBrowser(),Chrome 90.0.4430.212,,,2021-05-28 17:41:08,2021-05-28 17:41:09,0.821s,PASSED
,,,,,,,
Test Cases/Login,Chrome 90.0.4430.212,,,2021-05-28 17:41:09,2021-05-28 17:41:23,14.610s,PASSED
"openBrowser("""")",Chrome 90.0.4430.212,,,2021-05-28 17:41:09,2021-05-28 17:41:11,1.890s,PASSED
"navigateToUrl(""https://cdnc-group2.herokuapp.com/"")",Chrome 90.0.4430.212,,,2021-05-28 17:41:11,2021-05-28 17:41:15,4.245s,PASSED
"setText(findTestObject(""Login_Mattermost_OR/input_All team communication in one place, _dcc84b""), Username)",Chrome 90.0.4430.212,,,2021-05-28 17:41:15,2021-05-28 17:41:20,5.135s,PASSED
"setText(findTestObject(""Login_Mattermost_OR/input_All team communication in one place, _a3edc6""), Password)",Chrome 90.0.4430.212,,,2021-05-28 17:41:20,2021-05-28 17:41:21,0.856s,PASSED
"click(findTestObject(""Login_Mattermost_OR/span_Sign in""))",Chrome 90.0.4430.212,,,2021-05-28 17:41:21,2021-05-28 17:41:22,0.572s,PASSED
"if (Username != ""ngoctin040999@gmail.com"")",Chrome 90.0.4430.212,,,2021-05-28 17:41:22,2021-05-28 17:41:23,1.089s,PASSED
closeBrowser(),Chrome 90.0.4430.212,,,2021-05-28 17:41:23,2021-05-28 17:41:23,0.799s,PASSED
,,,,,,,
Test Cases/Login,Chrome 90.0.4430.212,,,2021-05-28 17:41:24,2021-05-28 17:41:38,14.148s,PASSED
"openBrowser("""")",Chrome 90.0.4430.212,,,2021-05-28 17:41:24,2021-05-28 17:41:25,1.775s,PASSED
"navigateToUrl(""https://cdnc-group2.herokuapp.com/"")",Chrome 90.0.4430.212,,,2021-05-28 17:41:25,2021-05-28 17:41:30,4.279s,PASSED
"setText(findTestObject(""Login_Mattermost_OR/input_All team communication in one place, _dcc84b""), Username)",Chrome 90.0.4430.212,,,2021-05-28 17:41:30,2021-05-28 17:41:35,5.063s,PASSED
"setText(findTestObject(""Login_Mattermost_OR/input_All team communication in one place, _a3edc6""), Password)",Chrome 90.0.4430.212,,,2021-05-28 17:41:35,2021-05-28 17:41:36,0.849s,PASSED
"click(findTestObject(""Login_Mattermost_OR/span_Sign in""))",Chrome 90.0.4430.212,,,2021-05-28 17:41:36,2021-05-28 17:41:36,0.588s,PASSED
"if (Username != ""ngoctin040999@gmail.com"")",Chrome 90.0.4430.212,,,2021-05-28 17:41:36,2021-05-28 17:41:37,0.771s,PASSED
closeBrowser(),Chrome 90.0.4430.212,,,2021-05-28 17:41:37,2021-05-28 17:41:38,0.808s,PASSED
,,,,,,,
Test Cases/Login,Chrome 90.0.4430.212,,,2021-05-28 17:41:38,2021-05-28 17:41:55,16.851s,PASSED
"openBrowser("""")",Chrome 90.0.4430.212,,,2021-05-28 17:41:38,2021-05-28 17:41:40,1.778s,PASSED
"navigateToUrl(""https://cdnc-group2.herokuapp.com/"")",Chrome 90.0.4430.212,,,2021-05-28 17:41:40,2021-05-28 17:41:46,6.885s,PASSED
"setText(findTestObject(""Login_Mattermost_OR/input_All team communication in one place, _dcc84b""), Username)",Chrome 90.0.4430.212,,,2021-05-28 17:41:46,2021-05-28 17:41:52,5.102s,PASSED
"setText(findTestObject(""Login_Mattermost_OR/input_All team communication in one place, _a3edc6""), Password)",Chrome 90.0.4430.212,,,2021-05-28 17:41:52,2021-05-28 17:41:52,0.819s,PASSED
"click(findTestObject(""Login_Mattermost_OR/span_Sign in""))",Chrome 90.0.4430.212,,,2021-05-28 17:41:52,2021-05-28 17:41:53,0.625s,PASSED
"if (Username != ""ngoctin040999@gmail.com"")",Chrome 90.0.4430.212,,,2021-05-28 17:41:53,2021-05-28 17:41:54,0.809s,PASSED
closeBrowser(),Chrome 90.0.4430.212,,,2021-05-28 17:41:54,2021-05-28 17:41:55,0.796s,PASSED
,,,,,,,
Test Cases/Login,Chrome 90.0.4430.212,,,2021-05-28 17:41:55,2021-05-28 17:42:08,13.424s,PASSED
"openBrowser("""")",Chrome 90.0.4430.212,,,2021-05-28 17:41:55,2021-05-28 17:41:56,1.778s,PASSED
"navigateToUrl(""https://cdnc-group2.herokuapp.com/"")",Chrome 90.0.4430.212,,,2021-05-28 17:41:56,2021-05-28 17:42:01,4.238s,PASSED
"setText(findTestObject(""Login_Mattermost_OR/input_All team communication in one place, _dcc84b""), Username)",Chrome 90.0.4430.212,,,2021-05-28 17:42:01,2021-05-28 17:42:05,3.998s,PASSED
"setText(findTestObject(""Login_Mattermost_OR/input_All team communication in one place, _a3edc6""), Password)",Chrome 90.0.4430.212,,,2021-05-28 17:42:05,2021-05-28 17:42:06,0.987s,PASSED
"click(findTestObject(""Login_Mattermost_OR/span_Sign in""))",Chrome 90.0.4430.212,,,2021-05-28 17:42:06,2021-05-28 17:42:06,0.568s,PASSED
"if (Username != ""ngoctin040999@gmail.com"")",Chrome 90.0.4430.212,,,2021-05-28 17:42:06,2021-05-28 17:42:07,1.023s,PASSED
closeBrowser(),Chrome 90.0.4430.212,,,2021-05-28 17:42:07,2021-05-28 17:42:08,0.814s,PASSED
,,,,,,,
Test Cases/Login,Chrome 90.0.4430.212,,,2021-05-28 17:42:08,2021-05-28 17:42:25,16.559s,PASSED
"openBrowser("""")",Chrome 90.0.4430.212,,,2021-05-28 17:42:08,2021-05-28 17:42:10,1.767s,PASSED
"navigateToUrl(""https://cdnc-group2.herokuapp.com/"")",Chrome 90.0.4430.212,,,2021-05-28 17:42:10,2021-05-28 17:42:14,3.915s,PASSED
"setText(findTestObject(""Login_Mattermost_OR/input_All team communication in one place, _dcc84b""), Username)",Chrome 90.0.4430.212,,,2021-05-28 17:42:14,2021-05-28 17:42:22,8.211s,PASSED
"setText(findTestObject(""Login_Mattermost_OR/input_All team communication in one place, _a3edc6""), Password)",Chrome 90.0.4430.212,,,2021-05-28 17:42:22,2021-05-28 17:42:23,0.813s,PASSED
"click(findTestObject(""Login_Mattermost_OR/span_Sign in""))",Chrome 90.0.4430.212,,,2021-05-28 17:42:23,2021-05-28 17:42:23,0.448s,PASSED
"if (Username != ""ngoctin040999@gmail.com"")",Chrome 90.0.4430.212,,,2021-05-28 17:42:23,2021-05-28 17:42:24,0.479s,PASSED
closeBrowser(),Chrome 90.0.4430.212,,,2021-05-28 17:42:24,2021-05-28 17:42:25,0.813s,PASSED
,,,,,,,
Test Cases/UpdateFullNameAccount,Chrome 90.0.4430.212,,,2021-05-28 17:42:25,2021-05-28 17:42:46,21.050s,PASSED
"openBrowser("""")",Chrome 90.0.4430.212,,,2021-05-28 17:42:25,2021-05-28 17:42:27,1.752s,PASSED
"navigateToUrl(""https://cdnc-group2.herokuapp.com/"")",Chrome 90.0.4430.212,,,2021-05-28 17:42:27,2021-05-28 17:42:31,3.919s,PASSED
"setText(findTestObject(""Object Repository/Page_Mattermost/input_All team communication in one place, _dcc84b""), ""ngoctin040999@gmail.com"")",Chrome 90.0.4430.212,,,2021-05-28 17:42:31,2021-05-28 17:42:36,5.411s,PASSED
"setEncryptedText(findTestObject(""Object Repository/Page_Mattermost/input_All team communication in one place, _a3edc6""), ""S8w1SJvl7D1hts9IdMV+NQ=="")",Chrome 90.0.4430.212,,,2021-05-28 17:42:36,2021-05-28 17:42:37,0.593s,PASSED
"click(findTestObject(""Object Repository/Page_Mattermost/span_Sign in""))",Chrome 90.0.4430.212,,,2021-05-28 17:42:37,2021-05-28 17:42:37,0.581s,PASSED
"click(findTestObject(""Object Repository/Page_Town Square - Team Mattermost/span""))",Chrome 90.0.4430.212,,,2021-05-28 17:42:37,2021-05-28 17:42:41,3.802s,PASSED
"click(findTestObject(""Object Repository/Page_Town Square - Team Mattermost/button_Account Settings""))",Chrome 90.0.4430.212,,,2021-05-28 17:42:41,2021-05-28 17:42:42,0.591s,PASSED
"click(findTestObject(""Object Repository/Page_Town Square - Team Mattermost/button_Edit""))",Chrome 90.0.4430.212,,,2021-05-28 17:42:42,2021-05-28 17:42:42,0.665s,PASSED
"setText(findTestObject(""Object Repository/Page_Town Square - Team Mattermost/input_First Name_firstName""), ""Tin"")",Chrome 90.0.4430.212,,,2021-05-28 17:42:42,2021-05-28 17:42:43,0.832s,PASSED
"setText(findTestObject(""Object Repository/Page_Town Square - Team Mattermost/input_Last Name_lastName""), ""Nguyen Ngoc"")",Chrome 90.0.4430.212,,,2021-05-28 17:42:43,2021-05-28 17:42:44,0.810s,PASSED
"click(findTestObject(""Object Repository/Page_Town Square - Team Mattermost/span_Save""))",Chrome 90.0.4430.212,,,2021-05-28 17:42:44,2021-05-28 17:42:44,0.402s,PASSED
"click(findTestObject(""Object Repository/Page_Town Square - Team Mattermost/button_Close""))",Chrome 90.0.4430.212,,,2021-05-28 17:42:44,2021-05-28 17:42:45,0.493s,PASSED
closeBrowser(),Chrome 90.0.4430.212,,,2021-05-28 17:42:45,2021-05-28 17:42:46,0.807s,PASSED
,,,,,,,
Test Cases/UpdateMemberRole,Chrome 90.0.4430.212,,,2021-05-28 17:42:46,2021-05-28 17:43:36,50.077s,FAILED
"openBrowser(""https://cdnc-group2.herokuapp.com/"")",Chrome 90.0.4430.212,,,2021-05-28 17:42:46,2021-05-28 17:42:52,5.928s,PASSED
"setText(findTestObject(""Login/input_Email""), ""ngoctin040999@gmail.com"")",Chrome 90.0.4430.212,,,2021-05-28 17:42:52,2021-05-28 17:42:57,4.923s,PASSED
"setText(findTestObject(""Login/input_Password""), ""ngoctin1"")",Chrome 90.0.4430.212,,,2021-05-28 17:42:57,2021-05-28 17:42:58,0.940s,PASSED
"click(findTestObject(""Login/button_Sign in""))",Chrome 90.0.4430.212,,,2021-05-28 17:42:58,2021-05-28 17:42:59,0.537s,PASSED
delay(2),Chrome 90.0.4430.212,,,2021-05-28 17:42:59,2021-05-28 17:43:01,2.048s,PASSED
"click(findTestObject(""UpdatePassword/button_Option""))",Chrome 90.0.4430.212,,,2021-05-28 17:43:01,2021-05-28 17:43:02,1.763s,PASSED
"click(findTestObject(""Update Member Role/button_Manage Members""))",Chrome 90.0.4430.212,,,2021-05-28 17:43:02,2021-05-28 17:43:03,0.601s,PASSED
"click(findTestObject(""Update Member Role/button_Member""))",Chrome 90.0.4430.212,,,2021-05-28 17:43:03,2021-05-28 17:43:36,32.827s,FAILED
,,,,,,,
Test Cases/UpdateUsernameAccount,Chrome 90.0.4430.212,,,2021-05-28 17:43:36,2021-05-28 17:43:58,22.530s,PASSED
"openBrowser("""")",Chrome 90.0.4430.212,,,2021-05-28 17:43:36,2021-05-28 17:43:39,2.510s,PASSED
"navigateToUrl(""https://cdnc-group2.herokuapp.com/"")",Chrome 90.0.4430.212,,,2021-05-28 17:43:39,2021-05-28 17:43:43,4.080s,PASSED
"setText(findTestObject(""Object Repository/Page_Mattermost/input_All team communication in one place, _dcc84b""), ""ngoctin040999@gmail.com"")",Chrome 90.0.4430.212,,,2021-05-28 17:43:43,2021-05-28 17:43:49,6.345s,PASSED
"setEncryptedText(findTestObject(""Object Repository/Page_Mattermost/input_All team communication in one place, _a3edc6""), ""S8w1SJvl7D1hts9IdMV+NQ=="")",Chrome 90.0.4430.212,,,2021-05-28 17:43:49,2021-05-28 17:43:50,0.598s,PASSED
"click(findTestObject(""Object Repository/Page_Mattermost/button_Sign in""))",Chrome 90.0.4430.212,,,2021-05-28 17:43:50,2021-05-28 17:43:50,0.570s,PASSED
"click(findTestObject(""Object Repository/Page_Town Square - TOKEN_UPDATED Mattermost/button_ngoctin02806_style--none sidebar-hea_8af0e1""))",Chrome 90.0.4430.212,,,2021-05-28 17:43:50,2021-05-28 17:43:54,3.844s,PASSED
"click(findTestObject(""Object Repository/Page_Town Square - TOKEN_UPDATED Mattermost/button_Account Settings""))",Chrome 90.0.4430.212,,,2021-05-28 17:43:54,2021-05-28 17:43:55,0.572s,PASSED
"click(findTestObject(""Object Repository/Page_Town Square - TOKEN_UPDATED Mattermost/span_Edit""))",Chrome 90.0.4430.212,,,2021-05-28 17:43:55,2021-05-28 17:43:56,0.698s,PASSED
"setText(findTestObject(""Object Repository/Page_Town Square - TOKEN_UPDATED Mattermost/input_Username_username""), ""ngoctin12345"")",Chrome 90.0.4430.212,,,2021-05-28 17:43:56,2021-05-28 17:43:56,0.889s,PASSED
"click(findTestObject(""Object Repository/Page_Town Square - TOKEN_UPDATED Mattermost/button_Save""))",Chrome 90.0.4430.212,,,2021-05-28 17:43:56,2021-05-28 17:43:57,0.394s,PASSED
"click(findTestObject(""Object Repository/Page_Town Square - TOKEN_UPDATED Mattermost/button_Close""))",Chrome 90.0.4430.212,,,2021-05-28 17:43:57,2021-05-28 17:43:57,0.578s,PASSED
closeBrowser(),Chrome 90.0.4430.212,,,2021-05-28 17:43:57,2021-05-28 17:43:58,0.891s,PASSED
,,,,,,,
Test Cases/EditClockDiplsy,Chrome 90.0.4430.212,,,2021-05-28 17:43:58,2021-05-28 17:44:23,24.561s,PASSED
"openBrowser(""https://cdnc-group2.herokuapp.com/"")",Chrome 90.0.4430.212,,,2021-05-28 17:43:59,2021-05-28 17:44:04,5.708s,PASSED
"setText(findTestObject(""Login/input_Email""), ""ngoctin040999@gmail.com"")",Chrome 90.0.4430.212,,,2021-05-28 17:44:04,2021-05-28 17:44:09,4.926s,PASSED
"setText(findTestObject(""Login/input_Password""), ""ngoctin1"")",Chrome 90.0.4430.212,,,2021-05-28 17:44:09,2021-05-28 17:44:10,0.852s,PASSED
"click(findTestObject(""Login/button_Sign in""))",Chrome 90.0.4430.212,,,2021-05-28 17:44:10,2021-05-28 17:44:11,0.599s,PASSED
delay(2),Chrome 90.0.4430.212,,,2021-05-28 17:44:11,2021-05-28 17:44:13,2.005s,PASSED
"click(findTestObject(""UpdatePassword/button_Option""))",Chrome 90.0.4430.212,,,2021-05-28 17:44:13,2021-05-28 17:44:15,2.263s,PASSED
"click(findTestObject(""UpdatePassword/button_Account Settings""))",Chrome 90.0.4430.212,,,2021-05-28 17:44:15,2021-05-28 17:44:16,0.600s,PASSED
"click(findTestObject(""Edit Theme/button_Display""))",Chrome 90.0.4430.212,,,2021-05-28 17:44:16,2021-05-28 17:44:16,0.762s,PASSED
"click(findTestObject(""Edit Clock Display/button_Edit""))",Chrome 90.0.4430.212,,,2021-05-28 17:44:16,2021-05-28 17:44:17,1.050s,PASSED
"click(findTestObject(""Edit Clock Display/input_Clock Display_24""))",Chrome 90.0.4430.212,,,2021-05-28 17:44:17,2021-05-28 17:44:18,0.546s,PASSED
"click(findTestObject(""Edit Clock Display/button_Save""))",Chrome 90.0.4430.212,,,2021-05-28 17:44:18,2021-05-28 17:44:19,0.571s,PASSED
delay(1),Chrome 90.0.4430.212,,,2021-05-28 17:44:19,2021-05-28 17:44:20,1.004s,PASSED
"click(findTestObject(""Edit Clock Display/button_Edit""))",Chrome 90.0.4430.212,,,2021-05-28 17:44:20,2021-05-28 17:44:20,0.410s,PASSED
"click(findTestObject(""Edit Clock Display/input_Clock Display_12""))",Chrome 90.0.4430.212,,,2021-05-28 17:44:20,2021-05-28 17:44:21,0.566s,PASSED
"click(findTestObject(""Edit Clock Display/button_Save""))",Chrome 90.0.4430.212,,,2021-05-28 17:44:21,2021-05-28 17:44:21,0.442s,PASSED
delay(1),Chrome 90.0.4430.212,,,2021-05-28 17:44:21,2021-05-28 17:44:22,1.005s,PASSED
closeBrowser(),Chrome 90.0.4430.212,,,2021-05-28 17:44:22,2021-05-28 17:44:23,0.861s,PASSED
,,,,,,,
Test Cases/EditSideBar,Chrome 90.0.4430.212,,,2021-05-28 17:44:23,2021-05-28 17:44:48,24.955s,PASSED
"openBrowser(""https://cdnc-group2.herokuapp.com/"")",Chrome 90.0.4430.212,,,2021-05-28 17:44:23,2021-05-28 17:44:30,6.247s,PASSED
"setText(findTestObject(""Login/input_Email""), ""ngoctin040999@gmail.com"")",Chrome 90.0.4430.212,,,2021-05-28 17:44:30,2021-05-28 17:44:35,5.592s,PASSED
"setText(findTestObject(""Login/input_Password""), ""ngoctin1"")",Chrome 90.0.4430.212,,,2021-05-28 17:44:35,2021-05-28 17:44:36,0.849s,PASSED
"click(findTestObject(""Login/button_Sign in""))",Chrome 90.0.4430.212,,,2021-05-28 17:44:36,2021-05-28 17:44:37,0.552s,PASSED
delay(2),Chrome 90.0.4430.212,,,2021-05-28 17:44:37,2021-05-28 17:44:39,2.005s,PASSED
"click(findTestObject(""UpdatePassword/button_Option""))",Chrome 90.0.4430.212,,,2021-05-28 17:44:39,2021-05-28 17:44:41,1.998s,PASSED
"click(findTestObject(""UpdatePassword/button_Account Settings""))",Chrome 90.0.4430.212,,,2021-05-28 17:44:41,2021-05-28 17:44:41,0.625s,PASSED
"click(findTestObject(""Edit SideBar/button_Sidebar""))",Chrome 90.0.4430.212,,,2021-05-28 17:44:41,2021-05-28 17:44:42,0.775s,PASSED
"click(findTestObject(""Edit SideBar/button_Edit""))",Chrome 90.0.4430.212,,,2021-05-28 17:44:42,2021-05-28 17:44:43,0.609s,PASSED
"click(findTestObject(""Edit SideBar/input_Off""))",Chrome 90.0.4430.212,,,2021-05-28 17:44:43,2021-05-28 17:44:43,0.740s,PASSED
"click(findTestObject(""Edit SideBar/button_Save""))",Chrome 90.0.4430.212,,,2021-05-28 17:44:43,2021-05-28 17:44:44,0.416s,PASSED
delay(1),Chrome 90.0.4430.212,,,2021-05-28 17:44:44,2021-05-28 17:44:45,1.003s,PASSED
"click(findTestObject(""Edit SideBar/button_Edit""))",Chrome 90.0.4430.212,,,2021-05-28 17:44:45,2021-05-28 17:44:45,0.369s,PASSED
"click(findTestObject(""Edit SideBar/input_On""))",Chrome 90.0.4430.212,,,2021-05-28 17:44:45,2021-05-28 17:44:46,0.529s,PASSED
"click(findTestObject(""Edit SideBar/button_Save""))",Chrome 90.0.4430.212,,,2021-05-28 17:44:46,2021-05-28 17:44:46,0.398s,PASSED
delay(1),Chrome 90.0.4430.212,,,2021-05-28 17:44:46,2021-05-28 17:44:47,1.004s,PASSED
closeBrowser(),Chrome 90.0.4430.212,,,2021-05-28 17:44:47,2021-05-28 17:44:48,0.796s,PASSED
,,,,,,,
Test Cases/EditTheme,Chrome 90.0.4430.212,,,2021-05-28 17:44:48,2021-05-28 17:45:21,32.898s,PASSED
"openBrowser(""https://cdnc-group2.herokuapp.com/"")",Chrome 90.0.4430.212,,,2021-05-28 17:44:48,2021-05-28 17:44:57,8.580s,PASSED
"setText(findTestObject(""Login/input_Email""), ""ngoctin040999@gmail.com"")",Chrome 90.0.4430.212,,,2021-05-28 17:44:57,2021-05-28 17:45:01,4.691s,PASSED
"setText(findTestObject(""Login/input_Password""), ""ngoctin1"")",Chrome 90.0.4430.212,,,2021-05-28 17:45:01,2021-05-28 17:45:02,0.830s,PASSED
"click(findTestObject(""Login/button_Sign in""))",Chrome 90.0.4430.212,,,2021-05-28 17:45:02,2021-05-28 17:45:03,0.569s,PASSED
delay(2),Chrome 90.0.4430.212,,,2021-05-28 17:45:03,2021-05-28 17:45:05,2.004s,PASSED
"click(findTestObject(""UpdatePassword/button_Option""))",Chrome 90.0.4430.212,,,2021-05-28 17:45:05,2021-05-28 17:45:07,1.955s,PASSED
"click(findTestObject(""UpdatePassword/button_Account Settings""))",Chrome 90.0.4430.212,,,2021-05-28 17:45:07,2021-05-28 17:45:07,0.604s,PASSED
"click(findTestObject(""Edit Theme/button_Display""))",Chrome 90.0.4430.212,,,2021-05-28 17:45:07,2021-05-28 17:45:08,0.747s,PASSED
"click(findTestObject(""Edit Theme/button_Edit""))",Chrome 90.0.4430.212,,,2021-05-28 17:45:08,2021-05-28 17:45:09,0.533s,PASSED
"click(findTestObject(""Edit Theme/img_Mattermost Dark_img-responsive""))",Chrome 90.0.4430.212,,,2021-05-28 17:45:09,2021-05-28 17:45:10,1.092s,PASSED
"click(findTestObject(""Edit Theme/button_Save""))",Chrome 90.0.4430.212,,,2021-05-28 17:45:10,2021-05-28 17:45:10,0.653s,PASSED
delay(2),Chrome 90.0.4430.212,,,2021-05-28 17:45:10,2021-05-28 17:45:12,2.004s,PASSED
"click(findTestObject(""Edit Theme/button_Edit""))",Chrome 90.0.4430.212,,,2021-05-28 17:45:12,2021-05-28 17:45:13,0.393s,PASSED
"click(findTestObject(""Edit Theme/img_Mattermost_img-responsive""))",Chrome 90.0.4430.212,,,2021-05-28 17:45:13,2021-05-28 17:45:13,0.597s,PASSED
"click(findTestObject(""Edit Theme/button_Save""))",Chrome 90.0.4430.212,,,2021-05-28 17:45:13,2021-05-28 17:45:14,0.656s,PASSED
delay(2),Chrome 90.0.4430.212,,,2021-05-28 17:45:14,2021-05-28 17:45:16,2.003s,PASSED
"click(findTestObject(""Edit Theme/button_Edit""))",Chrome 90.0.4430.212,,,2021-05-28 17:45:16,2021-05-28 17:45:17,0.575s,PASSED
"click(findTestObject(""Edit Theme/img_Organization_img-responsive""))",Chrome 90.0.4430.212,,,2021-05-28 17:45:17,2021-05-28 17:45:17,0.598s,PASSED
"click(findTestObject(""Edit Theme/button_Save""))",Chrome 90.0.4430.212,,,2021-05-28 17:45:17,2021-05-28 17:45:18,0.590s,PASSED
delay(2),Chrome 90.0.4430.212,,,2021-05-28 17:45:18,2021-05-28 17:45:20,2.004s,PASSED
closeBrowser(),Chrome 90.0.4430.212,,,2021-05-28 17:45:20,2021-05-28 17:45:21,0.847s,PASSED
,,,,,,,
Test Cases/InviteMember,Chrome 90.0.4430.212,,,2021-05-28 17:45:21,2021-05-28 17:45:50,29.302s,PASSED
"openBrowser(""https://cdnc-group2.herokuapp.com/"")",Chrome 90.0.4430.212,,,2021-05-28 17:45:21,2021-05-28 17:45:29,8.365s,PASSED
"setText(findTestObject(""Login/input_Email""), ""ngoctin040999@gmail.com"")",Chrome 90.0.4430.212,,,2021-05-28 17:45:29,2021-05-28 17:45:35,5.673s,PASSED
"setText(findTestObject(""Login/input_Password""), ""ngoctin1"")",Chrome 90.0.4430.212,,,2021-05-28 17:45:35,2021-05-28 17:45:36,0.894s,PASSED
"click(findTestObject(""Login/button_Sign in""))",Chrome 90.0.4430.212,,,2021-05-28 17:45:36,2021-05-28 17:45:37,0.582s,PASSED
delay(2),Chrome 90.0.4430.212,,,2021-05-28 17:45:37,2021-05-28 17:45:39,2.003s,PASSED
"click(findTestObject(""UpdatePassword/button_Option""))",Chrome 90.0.4430.212,,,2021-05-28 17:45:39,2021-05-28 17:45:40,1.833s,PASSED
"click(findTestObject(""Invite member/button_Invite PeopleAdd or invite people to the team""))",Chrome 90.0.4430.212,,,2021-05-28 17:45:40,2021-05-28 17:45:41,0.541s,PASSED
delay(1),Chrome 90.0.4430.212,,,2021-05-28 17:45:41,2021-05-28 17:45:42,1.003s,PASSED
"setText(findTestObject(""Invite member/input_Add or Invite People_react-select-2-input""), ""test1"")",Chrome 90.0.4430.212,,,2021-05-28 17:45:42,2021-05-28 17:45:43,0.768s,PASSED
delay(1),Chrome 90.0.4430.212,,,2021-05-28 17:45:43,2021-05-28 17:45:44,1.003s,PASSED
"click(findTestObject(""Invite member/div_test1""))",Chrome 90.0.4430.212,,,2021-05-28 17:45:44,2021-05-28 17:45:44,0.405s,PASSED
"click(findTestObject(""Invite member/button_Invite Members""))",Chrome 90.0.4430.212,,,2021-05-28 17:45:44,2021-05-28 17:45:45,0.599s,PASSED
"verifyElementVisible(findTestObject(""Invite member/div_This member has been added to the team""))",Chrome 90.0.4430.212,,,2021-05-28 17:45:45,2021-05-28 17:45:47,2.061s,PASSED
"click(findTestObject(""Invite member/button_Done""))",Chrome 90.0.4430.212,,,2021-05-28 17:45:47,2021-05-28 17:45:47,0.408s,PASSED
delay(2),Chrome 90.0.4430.212,,,2021-05-28 17:45:47,2021-05-28 17:45:49,2.002s,PASSED
closeBrowser(),Chrome 90.0.4430.212,,,2021-05-28 17:45:49,2021-05-28 17:45:50,0.778s,PASSED
,,,,,,,
Test Cases/RemoveMember,Chrome 90.0.4430.212,,,2021-05-28 17:45:50,2021-05-28 17:46:13,22.588s,PASSED
"openBrowser(""https://cdnc-group2.herokuapp.com/"")",Chrome 90.0.4430.212,,,2021-05-28 17:45:50,2021-05-28 17:45:58,7.284s,PASSED
"setText(findTestObject(""Login/input_Email""), ""ngoctin040999@gmail.com"")",Chrome 90.0.4430.212,,,2021-05-28 17:45:58,2021-05-28 17:46:02,4.600s,PASSED
"setText(findTestObject(""Login/input_Password""), ""ngoctin1"")",Chrome 90.0.4430.212,,,2021-05-28 17:46:02,2021-05-28 17:46:03,0.828s,PASSED
"click(findTestObject(""Login/button_Sign in""))",Chrome 90.0.4430.212,,,2021-05-28 17:46:03,2021-05-28 17:46:04,0.596s,PASSED
delay(2),Chrome 90.0.4430.212,,,2021-05-28 17:46:04,2021-05-28 17:46:06,2.003s,PASSED
"click(findTestObject(""UpdatePassword/button_Option""))",Chrome 90.0.4430.212,,,2021-05-28 17:46:06,2021-05-28 17:46:08,1.965s,PASSED
"click(findTestObject(""Update Member Role/button_Manage Members""))",Chrome 90.0.4430.212,,,2021-05-28 17:46:08,2021-05-28 17:46:08,0.685s,PASSED
"click(findTestObject(""Update Member Role/button_Member""))",Chrome 90.0.4430.212,,,2021-05-28 17:46:08,2021-05-28 17:46:09,0.944s,PASSED
"click(findTestObject(""Remove Member/button_Remove from Team""))",Chrome 90.0.4430.212,,,2021-05-28 17:46:09,2021-05-28 17:46:10,0.537s,PASSED
delay(2),Chrome 90.0.4430.212,,,2021-05-28 17:46:10,2021-05-28 17:46:12,2.003s,PASSED
closeBrowser(),Chrome 90.0.4430.212,,,2021-05-28 17:46:12,2021-05-28 17:46:13,0.804s,PASSED
,,,,,,,
Test Cases/IgnoreMentions,Chrome 90.0.4430.212,,,2021-05-28 17:46:13,2021-05-28 17:46:34,21.712s,PASSED
"openBrowser(""https://cdnc-group2.herokuapp.com/"")",Chrome 90.0.4430.212,,,2021-05-28 17:46:13,2021-05-28 17:46:19,5.794s,PASSED
"setText(findTestObject(""Login/input_Email""), ""ngoctin040999@gmail.com"")",Chrome 90.0.4430.212,,,2021-05-28 17:46:19,2021-05-28 17:46:24,5.278s,PASSED
"setText(findTestObject(""Login/input_Password""), ""ngoctin1"")",Chrome 90.0.4430.212,,,2021-05-28 17:46:24,2021-05-28 17:46:25,0.865s,PASSED
"click(findTestObject(""Login/button_Sign in""))",Chrome 90.0.4430.212,,,2021-05-28 17:46:25,2021-05-28 17:46:26,0.601s,PASSED
delay(2),Chrome 90.0.4430.212,,,2021-05-28 17:46:26,2021-05-28 17:46:28,2.003s,PASSED
"click(findTestObject(""Ignore mentions/button_Town Square""))",Chrome 90.0.4430.212,,,2021-05-28 17:46:28,2021-05-28 17:46:30,2.174s,PASSED
"click(findTestObject(""Ignore mentions/button_Notification Preferences""))",Chrome 90.0.4430.212,,,2021-05-28 17:46:30,2021-05-28 17:46:30,0.601s,PASSED
"click(findTestObject(""Ignore mentions/button_Edit""))",Chrome 90.0.4430.212,,,2021-05-28 17:46:30,2021-05-28 17:46:31,0.606s,PASSED
"click(findTestObject(""Ignore mentions/input_Ignore mentions for channel, here and all_ignoreChannelMentions""))",Chrome 90.0.4430.212,,,2021-05-28 17:46:31,2021-05-28 17:46:31,0.497s,PASSED
"click(findTestObject(""Ignore mentions/button_Save""))",Chrome 90.0.4430.212,,,2021-05-28 17:46:31,2021-05-28 17:46:32,0.581s,PASSED
"verifyElementVisible(findTestObject(""Ignore mentions/span_On""))",Chrome 90.0.4430.212,,,2021-05-28 17:46:32,2021-05-28 17:46:33,0.544s,PASSED
delay(1),Chrome 90.0.4430.212,,,2021-05-28 17:46:33,2021-05-28 17:46:34,1.002s,PASSED
closeBrowser(),Chrome 90.0.4430.212,,,2021-05-28 17:46:34,2021-05-28 17:46:34,0.803s,PASSED
,,,,,,,
Test Cases/UpdateChannelName,Chrome 90.0.4430.212,,,2021-05-28 17:46:34,2021-05-28 17:47:20,45.462s,FAILED
"openBrowser("""")",Chrome 90.0.4430.212,,,2021-05-28 17:46:35,2021-05-28 17:46:36,1.750s,PASSED
"navigateToUrl(""https://cdnc-group2.herokuapp.com/"")",Chrome 90.0.4430.212,,,2021-05-28 17:46:36,2021-05-28 17:46:40,3.620s,PASSED
"setText(findTestObject(""Object Repository/Page_Mattermost/input_All team communication in one place, _dcc84b""), ""ngoctin040999@gmail.com"")",Chrome 90.0.4430.212,,,2021-05-28 17:46:40,2021-05-28 17:46:45,4.809s,PASSED
"setEncryptedText(findTestObject(""Object Repository/Page_Mattermost/input_All team communication in one place, _a3edc6""), ""S8w1SJvl7D1hts9IdMV+NQ=="")",Chrome 90.0.4430.212,,,2021-05-28 17:46:45,2021-05-28 17:46:46,0.642s,PASSED
"sendKeys(findTestObject(""Object Repository/Page_Mattermost/input_All team communication in one place, _a3edc6""), Keys.chord(ENTER))",Chrome 90.0.4430.212,,,2021-05-28 17:46:46,2021-05-28 17:46:46,0.520s,PASSED
"click(findTestObject(""Object Repository/Page_Town Square - Team Mattermost/span_Test 123""))",Chrome 90.0.4430.212,,,2021-05-28 17:46:46,2021-05-28 17:47:18,31.730s,PASSED
"click(findTestObject(""Object Repository/Page_Test 123 - Team Mattermost/span_Test 123_channelHeaderDropdownIcon""))",Chrome 90.0.4430.212,,,2021-05-28 17:47:18,2021-05-28 17:47:20,2.037s,FAILED
,,,,,,,
Test Cases/UpdateDescriptionChannel,Chrome 90.0.4430.212,,,2021-05-28 17:47:20,2021-05-28 17:48:07,47.290s,FAILED
"openBrowser("""")",Chrome 90.0.4430.212,,,2021-05-28 17:47:20,2021-05-28 17:47:23,2.605s,PASSED
"navigateToUrl(""https://cdnc-group2.herokuapp.com/"")",Chrome 90.0.4430.212,,,2021-05-28 17:47:23,2021-05-28 17:47:27,4.371s,PASSED
"setText(findTestObject(""Object Repository/Page_Mattermost/input_All team communication in one place, _dcc84b""), ""ngoctin040999@gmail.com"")",Chrome 90.0.4430.212,,,2021-05-28 17:47:27,2021-05-28 17:47:33,5.129s,PASSED
"setEncryptedText(findTestObject(""Object Repository/Page_Mattermost/input_All team communication in one place, _a3edc6""), ""S8w1SJvl7D1hts9IdMV+NQ=="")",Chrome 90.0.4430.212,,,2021-05-28 17:47:33,2021-05-28 17:47:33,0.609s,PASSED
"sendKeys(findTestObject(""Object Repository/Page_Mattermost/input_All team communication in one place, _a3edc6""), Keys.chord(ENTER))",Chrome 90.0.4430.212,,,2021-05-28 17:47:33,2021-05-28 17:47:34,0.503s,PASSED
"click(findTestObject(""Object Repository/Page_Town Square - Team Mattermost/span_Test 123""))",Chrome 90.0.4430.212,,,2021-05-28 17:47:34,2021-05-28 17:48:05,31.541s,PASSED
"click(findTestObject(""Object Repository/Page_Test 123 - Team Mattermost/span_Test 123_channelHeaderDropdownIcon""))",Chrome 90.0.4430.212,,,2021-05-28 17:48:05,2021-05-28 17:48:07,1.967s,FAILED
,,,,,,,
Test Cases/UpdatePurposeChannel,Chrome 90.0.4430.212,,,2021-05-28 17:48:07,2021-05-28 17:48:55,47.922s,FAILED
"openBrowser("""")",Chrome 90.0.4430.212,,,2021-05-28 17:48:08,2021-05-28 17:48:10,2.546s,PASSED
"navigateToUrl(""https://cdnc-group2.herokuapp.com/"")",Chrome 90.0.4430.212,,,2021-05-28 17:48:10,2021-05-28 17:48:15,4.184s,PASSED
"setText(findTestObject(""Object Repository/Page_Mattermost/input_All team communication in one place, _dcc84b""), ""ngoctin040999@gmail.com"")",Chrome 90.0.4430.212,,,2021-05-28 17:48:15,2021-05-28 17:48:21,5.970s,PASSED
"setEncryptedText(findTestObject(""Object Repository/Page_Mattermost/input_All team communication in one place, _a3edc6""), ""S8w1SJvl7D1hts9IdMV+NQ=="")",Chrome 90.0.4430.212,,,2021-05-28 17:48:21,2021-05-28 17:48:21,0.569s,PASSED
"sendKeys(findTestObject(""Object Repository/Page_Mattermost/input_All team communication in one place, _a3edc6""), Keys.chord(ENTER))",Chrome 90.0.4430.212,,,2021-05-28 17:48:21,2021-05-28 17:48:22,0.471s,PASSED
"click(findTestObject(""Object Repository/Page_Town Square - Team Mattermost/span_Test 123""))",Chrome 90.0.4430.212,,,2021-05-28 17:48:22,2021-05-28 17:48:53,31.744s,PASSED
"click(findTestObject(""Object Repository/Page_Test 123 - Team Mattermost/span_Test 123_channelHeaderDropdownIcon""))",Chrome 90.0.4430.212,,,2021-05-28 17:48:53,2021-05-28 17:48:55,1.750s,FAILED
,,,,,,,
Test Cases/UpdateTeamDescription,Chrome 90.0.4430.212,,,2021-05-28 17:48:55,2021-05-28 17:50:48,1m - 52.935s,PASSED
"openBrowser("""")",Chrome 90.0.4430.212,,,2021-05-28 17:48:56,2021-05-28 17:48:59,2.912s,PASSED
"navigateToUrl(""https://cdnc-group2.herokuapp.com/"")",Chrome 90.0.4430.212,,,2021-05-28 17:48:59,2021-05-28 17:49:02,3.864s,PASSED
"setText(findTestObject(""Object Repository/Page_Mattermost/input_All team communication in one place, _dcc84b""), ""ngoctin040999@gmail.com"")",Chrome 90.0.4430.212,,,2021-05-28 17:49:02,2021-05-28 17:49:08,5.403s,PASSED
"setEncryptedText(findTestObject(""Object Repository/Page_Mattermost/input_All team communication in one place, _a3edc6""), ""S8w1SJvl7D1hts9IdMV+NQ=="")",Chrome 90.0.4430.212,,,2021-05-28 17:49:08,2021-05-28 17:49:08,0.594s,PASSED
"click(findTestObject(""Object Repository/Page_Mattermost/button_Sign in""))",Chrome 90.0.4430.212,,,2021-05-28 17:49:08,2021-05-28 17:49:09,0.554s,PASSED
"click(findTestObject(""Object Repository/Page_Town Square - TOKEN_UPDATED Mattermost/div_TO""))",Chrome 90.0.4430.212,,,2021-05-28 17:49:09,2021-05-28 17:49:41,31.673s,PASSED
"click(findTestObject(""Object Repository/Page_Town Square - TOKEN_UPDATED Mattermost/path""))",Chrome 90.0.4430.212,,,2021-05-28 17:49:41,2021-05-28 17:50:12,31.765s,PASSED
"click(findTestObject(""Object Repository/Page_Town Square - TOKEN_UPDATED Mattermost/button_Team Settings""))",Chrome 90.0.4430.212,,,2021-05-28 17:50:12,2021-05-28 17:50:13,0.943s,PASSED
"click(findTestObject(""Object Repository/Page_Town Square - TOKEN_UPDATED Mattermost/span_Edit""))",Chrome 90.0.4430.212,,,2021-05-28 17:50:13,2021-05-28 17:50:45,31.785s,PASSED
"setText(findTestObject(""Object Repository/Page_Town Square - TOKEN_UPDATED Mattermost/input_Team Description_teamDescription""), ""TOKEN TEAM 123"")",Chrome 90.0.4430.212,,,2021-05-28 17:50:45,2021-05-28 17:50:46,0.946s,PASSED
"click(findTestObject(""Object Repository/Page_Town Square - TOKEN_UPDATED Mattermost/span_Save""))",Chrome 90.0.4430.212,,,2021-05-28 17:50:46,2021-05-28 17:50:47,0.406s,PASSED
"click(findTestObject(""Object Repository/Page_Town Square - TOKEN_UPDATED Mattermost/span_""))",Chrome 90.0.4430.212,,,2021-05-28 17:50:47,2021-05-28 17:50:47,0.614s,PASSED
closeBrowser(),Chrome 90.0.4430.212,,,2021-05-28 17:50:47,2021-05-28 17:50:48,0.874s,PASSED
,,,,,,,
Test Cases/UpdateTeamName,Chrome 90.0.4430.212,,,2021-05-28 17:50:48,2021-05-28 17:51:37,49.291s,FAILED
"openBrowser("""")",Chrome 90.0.4430.212,,,2021-05-28 17:50:48,2021-05-28 17:50:50,1.984s,PASSED
"navigateToUrl(""https://cdnc-group2.herokuapp.com/"")",Chrome 90.0.4430.212,,,2021-05-28 17:50:50,2021-05-28 17:50:54,3.893s,PASSED
"setText(findTestObject(""Object Repository/Page_Mattermost/input_All team communication in one place, _dcc84b""), ""ngoctin040999@gmail.com"")",Chrome 90.0.4430.212,,,2021-05-28 17:50:54,2021-05-28 17:51:00,5.319s,PASSED
"setEncryptedText(findTestObject(""Object Repository/Page_Mattermost/input_All team communication in one place, _a3edc6""), ""S8w1SJvl7D1hts9IdMV+NQ=="")",Chrome 90.0.4430.212,,,2021-05-28 17:51:00,2021-05-28 17:51:00,0.591s,PASSED
"click(findTestObject(""Object Repository/Page_Mattermost/span_Sign in""))",Chrome 90.0.4430.212,,,2021-05-28 17:51:00,2021-05-28 17:51:01,0.710s,PASSED
"click(findTestObject(""Object Repository/Page_Town Square - TOKEN Mattermost/div_TO""))",Chrome 90.0.4430.212,,,2021-05-28 17:51:01,2021-05-28 17:51:37,36.374s,FAILED
,,,,,,,
Test Cases/SwitchChannels,Chrome 90.0.4430.212,,,2021-05-28 17:51:37,2021-05-28 17:51:59,21.833s,PASSED
"openBrowser("""")",Chrome 90.0.4430.212,,,2021-05-28 17:51:38,2021-05-28 17:51:40,2.458s,PASSED
"navigateToUrl(""https://cdnc-group2.herokuapp.com/"")",Chrome 90.0.4430.212,,,2021-05-28 17:51:40,2021-05-28 17:51:47,6.608s,PASSED
"setText(findTestObject(""Object Repository/Page_Mattermost/input_All team communication in one place, _dcc84b""), ""ngoctin040999@gmail.com"")",Chrome 90.0.4430.212,,,2021-05-28 17:51:47,2021-05-28 17:51:52,5.164s,PASSED
"setEncryptedText(findTestObject(""Object Repository/Page_Mattermost/input_All team communication in one place, _a3edc6""), ""S8w1SJvl7D1hts9IdMV+NQ=="")",Chrome 90.0.4430.212,,,2021-05-28 17:51:52,2021-05-28 17:51:53,0.613s,PASSED
"click(findTestObject(""Object Repository/Page_Mattermost/span_Sign in""))",Chrome 90.0.4430.212,,,2021-05-28 17:51:53,2021-05-28 17:51:53,0.545s,PASSED
"click(findTestObject(""Object Repository/Page_Town Square - TOKEN Mattermost/span_Switch Channels""))",Chrome 90.0.4430.212,,,2021-05-28 17:51:53,2021-05-28 17:51:57,3.828s,PASSED
"setText(findTestObject(""Object Repository/Page_Town Square - TOKEN Mattermost/input_ESC_quickSwitchInput""), ""Test 111224"")",Chrome 90.0.4430.212,,,2021-05-28 17:51:57,2021-05-28 17:51:58,1.129s,PASSED
"if (findTestObject(""Object Repository/Page_Town Square - TOKEN Mattermost/span_Test 111224"") == null)",Chrome 90.0.4430.212,,,2021-05-28 17:51:58,2021-05-28 17:51:58,0.051s,PASSED
"click(findTestObject(""Object Repository/Page_Town Square - TOKEN Mattermost/span_Test 111224""))",Chrome 90.0.4430.212,,,2021-05-28 17:51:58,2021-05-28 17:51:59,0.951s,PASSED
,,,,,,,
Test Cases/CreateRoom,Chrome 90.0.4430.212,,,2021-05-28 17:51:59,2021-05-28 17:52:24,25.226s,PASSED
"openBrowser("""")",Chrome 90.0.4430.212,,,2021-05-28 17:52:00,2021-05-28 17:52:02,2.521s,PASSED
"navigateToUrl(""https://cdnc-group2.herokuapp.com"")",Chrome 90.0.4430.212,,,2021-05-28 17:52:02,2021-05-28 17:52:09,6.483s,PASSED
"setText(findTestObject(""Object Repository/Login_Mattermost_OR/input_All team communication in one place, _dcc84b""), ""ngoctin040999@gmail.com"")",Chrome 90.0.4430.212,,,2021-05-28 17:52:09,2021-05-28 17:52:14,4.852s,PASSED
"setText(findTestObject(""Object Repository/Login_Mattermost_OR/input_All team communication in one place, _a3edc6""), ""ngoctin1"")",Chrome 90.0.4430.212,,,2021-05-28 17:52:14,2021-05-28 17:52:14,0.932s,PASSED
"click(findTestObject(""Object Repository/Login_Mattermost_OR/span_Sign in""))",Chrome 90.0.4430.212,,,2021-05-28 17:52:14,2021-05-28 17:52:15,0.546s,PASSED
"click(findTestObject(""CreateRoom_Mattermose_OR/span_""))",Chrome 90.0.4430.212,,,2021-05-28 17:52:15,2021-05-28 17:52:19,3.841s,PASSED
"verifyElementPresent(findTestObject(""CreateRoom_Mattermose_OR/span_New Channel""), 0)",Chrome 90.0.4430.212,,,2021-05-28 17:52:19,2021-05-28 17:52:19,0.410s,PASSED
switch (Type),Chrome 90.0.4430.212,,,2021-05-28 17:52:19,2021-05-28 17:52:20,0.391s,PASSED
"setText(findTestObject(""CreateRoom_Mattermose_OR/input_Name_newChannelName""), ChannelName)",Chrome 90.0.4430.212,,,2021-05-28 17:52:20,2021-05-28 17:52:20,0.746s,PASSED
"setText(findTestObject(""CreateRoom_Mattermose_OR/textarea_(optional)_newChannelPurpose""), Purpose)",Chrome 90.0.4430.212,,,2021-05-28 17:52:20,2021-05-28 17:52:21,0.953s,PASSED
"setText(findTestObject(""CreateRoom_Mattermose_OR/textarea_(optional)_newChannelHeader""), Description)",Chrome 90.0.4430.212,,,2021-05-28 17:52:21,2021-05-28 17:52:22,0.995s,PASSED
"click(findTestObject(""CreateRoom_Mattermose_OR/button_Create Channel""))",Chrome 90.0.4430.212,,,2021-05-28 17:52:22,2021-05-28 17:52:23,0.483s,PASSED
"if (verifyElementPresent(findTestObject(""CreateRoom_Mattermose_OR/p_A channel with that name already exists on the same team""), 0, OPTIONAL))",Chrome 90.0.4430.212,,,2021-05-28 17:52:23,2021-05-28 17:52:24,1.596s,PASSED
,,,,,,,
Test Cases/CreateRoom,Chrome 90.0.4430.212,,,2021-05-28 17:52:24,2021-05-28 17:52:47,22.388s,PASSED
"openBrowser("""")",Chrome 90.0.4430.212,,,2021-05-28 17:52:24,2021-05-28 17:52:26,1.687s,PASSED
"navigateToUrl(""https://cdnc-group2.herokuapp.com"")",Chrome 90.0.4430.212,,,2021-05-28 17:52:26,2021-05-28 17:52:30,3.920s,PASSED
"setText(findTestObject(""Object Repository/Login_Mattermost_OR/input_All team communication in one place, _dcc84b""), ""ngoctin040999@gmail.com"")",Chrome 90.0.4430.212,,,2021-05-28 17:52:30,2021-05-28 17:52:35,5.410s,PASSED
"setText(findTestObject(""Object Repository/Login_Mattermost_OR/input_All team communication in one place, _a3edc6""), ""ngoctin1"")",Chrome 90.0.4430.212,,,2021-05-28 17:52:35,2021-05-28 17:52:36,0.897s,PASSED
"click(findTestObject(""Object Repository/Login_Mattermost_OR/span_Sign in""))",Chrome 90.0.4430.212,,,2021-05-28 17:52:36,2021-05-28 17:52:37,0.598s,PASSED
"click(findTestObject(""CreateRoom_Mattermose_OR/span_""))",Chrome 90.0.4430.212,,,2021-05-28 17:52:37,2021-05-28 17:52:41,3.810s,PASSED
"verifyElementPresent(findTestObject(""CreateRoom_Mattermose_OR/span_New Channel""), 0)",Chrome 90.0.4430.212,,,2021-05-28 17:52:41,2021-05-28 17:52:41,0.460s,PASSED
switch (Type),Chrome 90.0.4430.212,,,2021-05-28 17:52:41,2021-05-28 17:52:42,0.386s,PASSED
"setText(findTestObject(""CreateRoom_Mattermose_OR/input_Name_newChannelName""), ChannelName)",Chrome 90.0.4430.212,,,2021-05-28 17:52:42,2021-05-28 17:52:42,0.761s,PASSED
"setText(findTestObject(""CreateRoom_Mattermose_OR/textarea_(optional)_newChannelPurpose""), Purpose)",Chrome 90.0.4430.212,,,2021-05-28 17:52:42,2021-05-28 17:52:44,1.244s,PASSED
"setText(findTestObject(""CreateRoom_Mattermose_OR/textarea_(optional)_newChannelHeader""), Description)",Chrome 90.0.4430.212,,,2021-05-28 17:52:44,2021-05-28 17:52:45,0.987s,PASSED
"click(findTestObject(""CreateRoom_Mattermose_OR/button_Create Channel""))",Chrome 90.0.4430.212,,,2021-05-28 17:52:45,2021-05-28 17:52:45,0.633s,PASSED
"if (verifyElementPresent(findTestObject(""CreateRoom_Mattermose_OR/p_A channel with that name already exists on the same team""), 0, OPTIONAL))",Chrome 90.0.4430.212,,,2021-05-28 17:52:45,2021-05-28 17:52:47,1.586s,PASSED
,,,,,,,
Test Cases/CreateRoom,Chrome 90.0.4430.212,,,2021-05-28 17:52:47,2021-05-28 17:53:09,21.718s,PASSED
"openBrowser("""")",Chrome 90.0.4430.212,,,2021-05-28 17:52:47,2021-05-28 17:52:48,1.551s,PASSED
"navigateToUrl(""https://cdnc-group2.herokuapp.com"")",Chrome 90.0.4430.212,,,2021-05-28 17:52:48,2021-05-28 17:52:52,3.991s,PASSED
"setText(findTestObject(""Object Repository/Login_Mattermost_OR/input_All team communication in one place, _dcc84b""), ""ngoctin040999@gmail.com"")",Chrome 90.0.4430.212,,,2021-05-28 17:52:52,2021-05-28 17:52:58,5.167s,PASSED
"setText(findTestObject(""Object Repository/Login_Mattermost_OR/input_All team communication in one place, _a3edc6""), ""ngoctin1"")",Chrome 90.0.4430.212,,,2021-05-28 17:52:58,2021-05-28 17:52:59,0.934s,PASSED
"click(findTestObject(""Object Repository/Login_Mattermost_OR/span_Sign in""))",Chrome 90.0.4430.212,,,2021-05-28 17:52:59,2021-05-28 17:52:59,0.568s,PASSED
"click(findTestObject(""CreateRoom_Mattermose_OR/span_""))",Chrome 90.0.4430.212,,,2021-05-28 17:52:59,2021-05-28 17:53:03,3.682s,PASSED
"verifyElementPresent(findTestObject(""CreateRoom_Mattermose_OR/span_New Channel""), 0)",Chrome 90.0.4430.212,,,2021-05-28 17:53:03,2021-05-28 17:53:04,0.776s,PASSED
switch (Type),Chrome 90.0.4430.212,,,2021-05-28 17:53:04,2021-05-28 17:53:04,0.379s,PASSED
"setText(findTestObject(""CreateRoom_Mattermose_OR/input_Name_newChannelName""), ChannelName)",Chrome 90.0.4430.212,,,2021-05-28 17:53:04,2021-05-28 17:53:05,0.766s,PASSED
"setText(findTestObject(""CreateRoom_Mattermose_OR/textarea_(optional)_newChannelPurpose""), Purpose)",Chrome 90.0.4430.212,,,2021-05-28 17:53:05,2021-05-28 17:53:06,0.923s,PASSED
"setText(findTestObject(""CreateRoom_Mattermose_OR/textarea_(optional)_newChannelHeader""), Description)",Chrome 90.0.4430.212,,,2021-05-28 17:53:06,2021-05-28 17:53:07,0.868s,PASSED
"click(findTestObject(""CreateRoom_Mattermose_OR/button_Create Channel""))",Chrome 90.0.4430.212,,,2021-05-28 17:53:07,2021-05-28 17:53:07,0.498s,PASSED
"if (verifyElementPresent(findTestObject(""CreateRoom_Mattermose_OR/p_A channel with that name already exists on the same team""), 0, OPTIONAL))",Chrome 90.0.4430.212,,,2021-05-28 17:53:07,2021-05-28 17:53:09,1.604s,PASSED
,,,,,,,
Test Cases/CreateRoom,Chrome 90.0.4430.212,,,2021-05-28 17:53:09,2021-05-28 17:53:32,23.292s,PASSED
"openBrowser("""")",Chrome 90.0.4430.212,,,2021-05-28 17:53:09,2021-05-28 17:53:10,1.562s,PASSED
"navigateToUrl(""https://cdnc-group2.herokuapp.com"")",Chrome 90.0.4430.212,,,2021-05-28 17:53:10,2021-05-28 17:53:16,5.647s,PASSED
"setText(findTestObject(""Object Repository/Login_Mattermost_OR/input_All team communication in one place, _dcc84b""), ""ngoctin040999@gmail.com"")",Chrome 90.0.4430.212,,,2021-05-28 17:53:16,2021-05-28 17:53:21,4.693s,PASSED
"setText(findTestObject(""Object Repository/Login_Mattermost_OR/input_All team communication in one place, _a3edc6""), ""ngoctin1"")",Chrome 90.0.4430.212,,,2021-05-28 17:53:21,2021-05-28 17:53:21,0.823s,PASSED
"click(findTestObject(""Object Repository/Login_Mattermost_OR/span_Sign in""))",Chrome 90.0.4430.212,,,2021-05-28 17:53:21,2021-05-28 17:53:22,0.519s,PASSED
"click(findTestObject(""CreateRoom_Mattermose_OR/span_""))",Chrome 90.0.4430.212,,,2021-05-28 17:53:22,2021-05-28 17:53:26,3.919s,PASSED
"verifyElementPresent(findTestObject(""CreateRoom_Mattermose_OR/span_New Channel""), 0)",Chrome 90.0.4430.212,,,2021-05-28 17:53:26,2021-05-28 17:53:27,0.787s,PASSED
switch (Type),Chrome 90.0.4430.212,,,2021-05-28 17:53:27,2021-05-28 17:53:27,0.000s,PASSED
"setText(findTestObject(""CreateRoom_Mattermose_OR/input_Name_newChannelName""), ChannelName)",Chrome 90.0.4430.212,,,2021-05-28 17:53:27,2021-05-28 17:53:27,0.699s,PASSED
"setText(findTestObject(""CreateRoom_Mattermose_OR/textarea_(optional)_newChannelPurpose""), Purpose)",Chrome 90.0.4430.212,,,2021-05-28 17:53:27,2021-05-28 17:53:29,1.593s,PASSED
"setText(findTestObject(""CreateRoom_Mattermose_OR/textarea_(optional)_newChannelHeader""), Description)",Chrome 90.0.4430.212,,,2021-05-28 17:53:29,2021-05-28 17:53:30,0.880s,PASSED
"click(findTestObject(""CreateRoom_Mattermose_OR/button_Create Channel""))",Chrome 90.0.4430.212,,,2021-05-28 17:53:30,2021-05-28 17:53:30,0.593s,PASSED
"if (verifyElementPresent(findTestObject(""CreateRoom_Mattermose_OR/p_A channel with that name already exists on the same team""), 0, OPTIONAL))",Chrome 90.0.4430.212,,,2021-05-28 17:53:30,2021-05-28 17:53:32,1.567s,PASSED
,,,,,,,
Test Cases/CreateRoom,Chrome 90.0.4430.212,,,2021-05-28 17:53:32,2021-05-28 17:53:54,22.074s,PASSED
"openBrowser("""")",Chrome 90.0.4430.212,,,2021-05-28 17:53:32,2021-05-28 17:53:34,1.655s,PASSED
"navigateToUrl(""https://cdnc-group2.herokuapp.com"")",Chrome 90.0.4430.212,,,2021-05-28 17:53:34,2021-05-28 17:53:38,3.903s,PASSED
"setText(findTestObject(""Object Repository/Login_Mattermost_OR/input_All team communication in one place, _dcc84b""), ""ngoctin040999@gmail.com"")",Chrome 90.0.4430.212,,,2021-05-28 17:53:38,2021-05-28 17:53:43,4.909s,PASSED
"setText(findTestObject(""Object Repository/Login_Mattermost_OR/input_All team communication in one place, _a3edc6""), ""ngoctin1"")",Chrome 90.0.4430.212,,,2021-05-28 17:53:43,2021-05-28 17:53:43,0.901s,PASSED
"click(findTestObject(""Object Repository/Login_Mattermost_OR/span_Sign in""))",Chrome 90.0.4430.212,,,2021-05-28 17:53:43,2021-05-28 17:53:44,0.623s,PASSED
"click(findTestObject(""CreateRoom_Mattermose_OR/span_""))",Chrome 90.0.4430.212,,,2021-05-28 17:53:44,2021-05-28 17:53:48,4.112s,PASSED
"verifyElementPresent(findTestObject(""CreateRoom_Mattermose_OR/span_New Channel""), 0)",Chrome 90.0.4430.212,,,2021-05-28 17:53:48,2021-05-28 17:53:49,0.459s,PASSED
switch (Type),Chrome 90.0.4430.212,,,2021-05-28 17:53:49,2021-05-28 17:53:49,0.000s,PASSED
"setText(findTestObject(""CreateRoom_Mattermose_OR/input_Name_newChannelName""), ChannelName)",Chrome 90.0.4430.212,,,2021-05-28 17:53:49,2021-05-28 17:53:49,0.689s,PASSED
"setText(findTestObject(""CreateRoom_Mattermose_OR/textarea_(optional)_newChannelPurpose""), Purpose)",Chrome 90.0.4430.212,,,2021-05-28 17:53:49,2021-05-28 17:53:51,1.704s,PASSED
"setText(findTestObject(""CreateRoom_Mattermose_OR/textarea_(optional)_newChannelHeader""), Description)",Chrome 90.0.4430.212,,,2021-05-28 17:53:51,2021-05-28 17:53:52,0.924s,PASSED
"click(findTestObject(""CreateRoom_Mattermose_OR/button_Create Channel""))",Chrome 90.0.4430.212,,,2021-05-28 17:53:52,2021-05-28 17:53:52,0.527s,PASSED
"if (verifyElementPresent(findTestObject(""CreateRoom_Mattermose_OR/p_A channel with that name already exists on the same team""), 0, OPTIONAL))",Chrome 90.0.4430.212,,,2021-05-28 17:53:52,2021-05-28 17:53:54,1.660s,PASSED
,,,,,,,
Test Cases/CreateRoom,Chrome 90.0.4430.212,,,2021-05-28 17:53:54,2021-05-28 17:54:16,22.159s,PASSED
"openBrowser("""")",Chrome 90.0.4430.212,,,2021-05-28 17:53:54,2021-05-28 17:53:56,1.768s,PASSED
"navigateToUrl(""https://cdnc-group2.herokuapp.com"")",Chrome 90.0.4430.212,,,2021-05-28 17:53:56,2021-05-28 17:54:00,3.951s,PASSED
"setText(findTestObject(""Object Repository/Login_Mattermost_OR/input_All team communication in one place, _dcc84b""), ""ngoctin040999@gmail.com"")",Chrome 90.0.4430.212,,,2021-05-28 17:54:00,2021-05-28 17:54:05,4.867s,PASSED
"setText(findTestObject(""Object Repository/Login_Mattermost_OR/input_All team communication in one place, _a3edc6""), ""ngoctin1"")",Chrome 90.0.4430.212,,,2021-05-28 17:54:05,2021-05-28 17:54:06,0.917s,PASSED
"click(findTestObject(""Object Repository/Login_Mattermost_OR/span_Sign in""))",Chrome 90.0.4430.212,,,2021-05-28 17:54:06,2021-05-28 17:54:06,0.514s,PASSED
"click(findTestObject(""CreateRoom_Mattermose_OR/span_""))",Chrome 90.0.4430.212,,,2021-05-28 17:54:06,2021-05-28 17:54:10,3.907s,PASSED
"verifyElementPresent(findTestObject(""CreateRoom_Mattermose_OR/span_New Channel""), 0)",Chrome 90.0.4430.212,,,2021-05-28 17:54:10,2021-05-28 17:54:11,0.832s,PASSED
switch (Type),Chrome 90.0.4430.212,,,2021-05-28 17:54:11,2021-05-28 17:54:11,0.000s,PASSED
"setText(findTestObject(""CreateRoom_Mattermose_OR/input_Name_newChannelName""), ChannelName)",Chrome 90.0.4430.212,,,2021-05-28 17:54:11,2021-05-28 17:54:12,0.738s,PASSED
"setText(findTestObject(""CreateRoom_Mattermose_OR/textarea_(optional)_newChannelPurpose""), Purpose)",Chrome 90.0.4430.212,,,2021-05-28 17:54:12,2021-05-28 17:54:13,1.570s,PASSED
"setText(findTestObject(""CreateRoom_Mattermose_OR/textarea_(optional)_newChannelHeader""), Description)",Chrome 90.0.4430.212,,,2021-05-28 17:54:13,2021-05-28 17:54:14,0.954s,PASSED
"click(findTestObject(""CreateRoom_Mattermose_OR/button_Create Channel""))",Chrome 90.0.4430.212,,,2021-05-28 17:54:14,2021-05-28 17:54:15,0.596s,PASSED
"if (verifyElementPresent(findTestObject(""CreateRoom_Mattermose_OR/p_A channel with that name already exists on the same team""), 0, OPTIONAL))",Chrome 90.0.4430.212,,,2021-05-28 17:54:15,2021-05-28 17:54:16,1.535s,PASSED
,,,,,,,
Test Cases/CreateRoom,Chrome 90.0.4430.212,,,2021-05-28 17:54:16,2021-05-28 17:54:38,21.445s,PASSED
"openBrowser("""")",Chrome 90.0.4430.212,,,2021-05-28 17:54:16,2021-05-28 17:54:18,1.702s,PASSED
"navigateToUrl(""https://cdnc-group2.herokuapp.com"")",Chrome 90.0.4430.212,,,2021-05-28 17:54:18,2021-05-28 17:54:22,3.906s,PASSED
"setText(findTestObject(""Object Repository/Login_Mattermost_OR/input_All team communication in one place, _dcc84b""), ""ngoctin040999@gmail.com"")",Chrome 90.0.4430.212,,,2021-05-28 17:54:22,2021-05-28 17:54:27,4.787s,PASSED
"setText(findTestObject(""Object Repository/Login_Mattermost_OR/input_All team communication in one place, _a3edc6""), ""ngoctin1"")",Chrome 90.0.4430.212,,,2021-05-28 17:54:27,2021-05-28 17:54:28,0.907s,PASSED
"click(findTestObject(""Object Repository/Login_Mattermost_OR/span_Sign in""))",Chrome 90.0.4430.212,,,2021-05-28 17:54:28,2021-05-28 17:54:28,0.535s,PASSED
"click(findTestObject(""CreateRoom_Mattermose_OR/span_""))",Chrome 90.0.4430.212,,,2021-05-28 17:54:28,2021-05-28 17:54:32,3.974s,PASSED
"verifyElementPresent(findTestObject(""CreateRoom_Mattermose_OR/span_New Channel""), 0)",Chrome 90.0.4430.212,,,2021-05-28 17:54:32,2021-05-28 17:54:33,0.762s,PASSED
switch (Type),Chrome 90.0.4430.212,,,2021-05-28 17:54:33,2021-05-28 17:54:33,0.000s,PASSED
"setText(findTestObject(""CreateRoom_Mattermose_OR/input_Name_newChannelName""), ChannelName)",Chrome 90.0.4430.212,,,2021-05-28 17:54:33,2021-05-28 17:54:34,0.678s,PASSED
"setText(findTestObject(""CreateRoom_Mattermose_OR/textarea_(optional)_newChannelPurpose""), Purpose)",Chrome 90.0.4430.212,,,2021-05-28 17:54:34,2021-05-28 17:54:35,1.229s,PASSED
"setText(findTestObject(""CreateRoom_Mattermose_OR/textarea_(optional)_newChannelHeader""), Description)",Chrome 90.0.4430.212,,,2021-05-28 17:54:35,2021-05-28 17:54:36,0.860s,PASSED
"click(findTestObject(""CreateRoom_Mattermose_OR/button_Create Channel""))",Chrome 90.0.4430.212,,,2021-05-28 17:54:36,2021-05-28 17:54:36,0.512s,PASSED
"if (verifyElementPresent(findTestObject(""CreateRoom_Mattermose_OR/p_A channel with that name already exists on the same team""), 0, OPTIONAL))",Chrome 90.0.4430.212,,,2021-05-28 17:54:36,2021-05-28 17:54:38,1.580s,PASSED
,,,,,,,
Test Cases/CreateRoom,Chrome 90.0.4430.212,,,2021-05-28 17:54:38,2021-05-28 17:55:02,23.913s,PASSED
"openBrowser("""")",Chrome 90.0.4430.212,,,2021-05-28 17:54:38,2021-05-28 17:54:39,1.563s,PASSED
"navigateToUrl(""https://cdnc-group2.herokuapp.com"")",Chrome 90.0.4430.212,,,2021-05-28 17:54:39,2021-05-28 17:54:46,6.595s,PASSED
"setText(findTestObject(""Object Repository/Login_Mattermost_OR/input_All team communication in one place, _dcc84b""), ""ngoctin040999@gmail.com"")",Chrome 90.0.4430.212,,,2021-05-28 17:54:46,2021-05-28 17:54:51,4.931s,PASSED
"setText(findTestObject(""Object Repository/Login_Mattermost_OR/input_All team communication in one place, _a3edc6""), ""ngoctin1"")",Chrome 90.0.4430.212,,,2021-05-28 17:54:51,2021-05-28 17:54:52,0.805s,PASSED
"click(findTestObject(""Object Repository/Login_Mattermost_OR/span_Sign in""))",Chrome 90.0.4430.212,,,2021-05-28 17:54:52,2021-05-28 17:54:52,0.544s,PASSED
"click(findTestObject(""CreateRoom_Mattermose_OR/span_""))",Chrome 90.0.4430.212,,,2021-05-28 17:54:52,2021-05-28 17:54:56,3.939s,PASSED
"verifyElementPresent(findTestObject(""CreateRoom_Mattermose_OR/span_New Channel""), 0)",Chrome 90.0.4430.212,,,2021-05-28 17:54:56,2021-05-28 17:54:57,0.450s,PASSED
switch (Type),Chrome 90.0.4430.212,,,2021-05-28 17:54:57,2021-05-28 17:54:57,0.001s,PASSED
"setText(findTestObject(""CreateRoom_Mattermose_OR/input_Name_newChannelName""), ChannelName)",Chrome 90.0.4430.212,,,2021-05-28 17:54:57,2021-05-28 17:54:57,0.669s,PASSED
"setText(findTestObject(""CreateRoom_Mattermose_OR/textarea_(optional)_newChannelPurpose""), Purpose)",Chrome 90.0.4430.212,,,2021-05-28 17:54:57,2021-05-28 17:54:58,0.927s,PASSED
"setText(findTestObject(""CreateRoom_Mattermose_OR/textarea_(optional)_newChannelHeader""), Description)",Chrome 90.0.4430.212,,,2021-05-28 17:54:58,2021-05-28 17:55:00,1.293s,PASSED
"click(findTestObject(""CreateRoom_Mattermose_OR/button_Create Channel""))",Chrome 90.0.4430.212,,,2021-05-28 17:55:00,2021-05-28 17:55:00,0.598s,PASSED
"if (verifyElementPresent(findTestObject(""CreateRoom_Mattermose_OR/p_A channel with that name already exists on the same team""), 0, OPTIONAL))",Chrome 90.0.4430.212,,,2021-05-28 17:55:00,2021-05-28 17:55:02,1.584s,PASSED
,,,,,,,
Test Cases/CreateRoom,Chrome 90.0.4430.212,,,2021-05-28 17:55:02,2021-05-28 17:55:23,21.311s,PASSED
"openBrowser("""")",Chrome 90.0.4430.212,,,2021-05-28 17:55:02,2021-05-28 17:55:03,1.537s,PASSED
"navigateToUrl(""https://cdnc-group2.herokuapp.com"")",Chrome 90.0.4430.212,,,2021-05-28 17:55:03,2021-05-28 17:55:07,3.747s,PASSED
"setText(findTestObject(""Object Repository/Login_Mattermost_OR/input_All team communication in one place, _dcc84b""), ""ngoctin040999@gmail.com"")",Chrome 90.0.4430.212,,,2021-05-28 17:55:07,2021-05-28 17:55:12,4.888s,PASSED
"setText(findTestObject(""Object Repository/Login_Mattermost_OR/input_All team communication in one place, _a3edc6""), ""ngoctin1"")",Chrome 90.0.4430.212,,,2021-05-28 17:55:12,2021-05-28 17:55:13,0.817s,PASSED
"click(findTestObject(""Object Repository/Login_Mattermost_OR/span_Sign in""))",Chrome 90.0.4430.212,,,2021-05-28 17:55:13,2021-05-28 17:55:13,0.554s,PASSED
"click(findTestObject(""CreateRoom_Mattermose_OR/span_""))",Chrome 90.0.4430.212,,,2021-05-28 17:55:13,2021-05-28 17:55:17,3.964s,PASSED
"verifyElementPresent(findTestObject(""CreateRoom_Mattermose_OR/span_New Channel""), 0)",Chrome 90.0.4430.212,,,2021-05-28 17:55:17,2021-05-28 17:55:18,0.395s,PASSED
switch (Type),Chrome 90.0.4430.212,,,2021-05-28 17:55:18,2021-05-28 17:55:18,0.395s,PASSED
"setText(findTestObject(""CreateRoom_Mattermose_OR/input_Name_newChannelName""), ChannelName)",Chrome 90.0.4430.212,,,2021-05-28 17:55:18,2021-05-28 17:55:19,0.777s,PASSED
"setText(findTestObject(""CreateRoom_Mattermose_OR/textarea_(optional)_newChannelPurpose""), Purpose)",Chrome 90.0.4430.212,,,2021-05-28 17:55:19,2021-05-28 17:55:20,1.143s,PASSED
"setText(findTestObject(""CreateRoom_Mattermose_OR/textarea_(optional)_newChannelHeader""), Description)",Chrome 90.0.4430.212,,,2021-05-28 17:55:20,2021-05-28 17:55:21,0.945s,PASSED
"click(findTestObject(""CreateRoom_Mattermose_OR/button_Create Channel""))",Chrome 90.0.4430.212,,,2021-05-28 17:55:21,2021-05-28 17:55:22,0.605s,PASSED
"if (verifyElementPresent(findTestObject(""CreateRoom_Mattermose_OR/p_A channel with that name already exists on the same team""), 0, OPTIONAL))",Chrome 90.0.4430.212,,,2021-05-28 17:55:22,2021-05-28 17:55:23,1.536s,PASSED
,,,,,,,
Test Cases/CreateRoom,Chrome 90.0.4430.212,,,2021-05-28 17:55:23,2021-05-28 17:55:45,21.692s,PASSED
"openBrowser("""")",Chrome 90.0.4430.212,,,2021-05-28 17:55:23,2021-05-28 17:55:25,1.555s,PASSED
"navigateToUrl(""https://cdnc-group2.herokuapp.com"")",Chrome 90.0.4430.212,,,2021-05-28 17:55:25,2021-05-28 17:55:29,3.836s,PASSED
"setText(findTestObject(""Object Repository/Login_Mattermost_OR/input_All team communication in one place, _dcc84b""), ""ngoctin040999@gmail.com"")",Chrome 90.0.4430.212,,,2021-05-28 17:55:29,2021-05-28 17:55:34,5.070s,PASSED
"setText(findTestObject(""Object Repository/Login_Mattermost_OR/input_All team communication in one place, _a3edc6""), ""ngoctin1"")",Chrome 90.0.4430.212,,,2021-05-28 17:55:34,2021-05-28 17:55:35,0.910s,PASSED
"click(findTestObject(""Object Repository/Login_Mattermost_OR/span_Sign in""))",Chrome 90.0.4430.212,,,2021-05-28 17:55:35,2021-05-28 17:55:35,0.534s,PASSED
"click(findTestObject(""CreateRoom_Mattermose_OR/span_""))",Chrome 90.0.4430.212,,,2021-05-28 17:55:35,2021-05-28 17:55:39,3.543s,PASSED
"verifyElementPresent(findTestObject(""CreateRoom_Mattermose_OR/span_New Channel""), 0)",Chrome 90.0.4430.212,,,2021-05-28 17:55:39,2021-05-28 17:55:39,0.755s,PASSED
switch (Type),Chrome 90.0.4430.212,,,2021-05-28 17:55:39,2021-05-28 17:55:40,0.378s,PASSED
"setText(findTestObject(""CreateRoom_Mattermose_OR/input_Name_newChannelName""), ChannelName)",Chrome 90.0.4430.212,,,2021-05-28 17:55:40,2021-05-28 17:55:41,0.747s,PASSED
"setText(findTestObject(""CreateRoom_Mattermose_OR/textarea_(optional)_newChannelPurpose""), Purpose)",Chrome 90.0.4430.212,,,2021-05-28 17:55:41,2021-05-28 17:55:42,1.388s,PASSED
"setText(findTestObject(""CreateRoom_Mattermose_OR/textarea_(optional)_newChannelHeader""), Description)",Chrome 90.0.4430.212,,,2021-05-28 17:55:42,2021-05-28 17:55:43,0.869s,PASSED
"click(findTestObject(""CreateRoom_Mattermose_OR/button_Create Channel""))",Chrome 90.0.4430.212,,,2021-05-28 17:55:43,2021-05-28 17:55:43,0.578s,PASSED
"if (verifyElementPresent(findTestObject(""CreateRoom_Mattermose_OR/p_A channel with that name already exists on the same team""), 0, OPTIONAL))",Chrome 90.0.4430.212,,,2021-05-28 17:55:43,2021-05-28 17:55:45,1.522s,PASSED
,,,,,,,
Test Cases/CreateRoom,Chrome 90.0.4430.212,,,2021-05-28 17:55:45,2021-05-28 17:56:07,22.114s,PASSED
"openBrowser("""")",Chrome 90.0.4430.212,,,2021-05-28 17:55:45,2021-05-28 17:55:47,1.609s,PASSED
"navigateToUrl(""https://cdnc-group2.herokuapp.com"")",Chrome 90.0.4430.212,,,2021-05-28 17:55:47,2021-05-28 17:55:51,3.998s,PASSED
"setText(findTestObject(""Object Repository/Login_Mattermost_OR/input_All team communication in one place, _dcc84b""), ""ngoctin040999@gmail.com"")",Chrome 90.0.4430.212,,,2021-05-28 17:55:51,2021-05-28 17:55:56,5.331s,PASSED
"setText(findTestObject(""Object Repository/Login_Mattermost_OR/input_All team communication in one place, _a3edc6""), ""ngoctin1"")",Chrome 90.0.4430.212,,,2021-05-28 17:55:56,2021-05-28 17:55:57,0.898s,PASSED
"click(findTestObject(""Object Repository/Login_Mattermost_OR/span_Sign in""))",Chrome 90.0.4430.212,,,2021-05-28 17:55:57,2021-05-28 17:55:57,0.517s,PASSED
"click(findTestObject(""CreateRoom_Mattermose_OR/span_""))",Chrome 90.0.4430.212,,,2021-05-28 17:55:57,2021-05-28 17:56:01,3.834s,PASSED
"verifyElementPresent(findTestObject(""CreateRoom_Mattermose_OR/span_New Channel""), 0)",Chrome 90.0.4430.212,,,2021-05-28 17:56:01,2021-05-28 17:56:02,0.809s,PASSED
switch (Type),Chrome 90.0.4430.212,,,2021-05-28 17:56:02,2021-05-28 17:56:02,0.374s,PASSED
"setText(findTestObject(""CreateRoom_Mattermose_OR/input_Name_newChannelName""), ChannelName)",Chrome 90.0.4430.212,,,2021-05-28 17:56:02,2021-05-28 17:56:03,0.728s,PASSED
"setText(findTestObject(""CreateRoom_Mattermose_OR/textarea_(optional)_newChannelPurpose""), Purpose)",Chrome 90.0.4430.212,,,2021-05-28 17:56:03,2021-05-28 17:56:04,0.962s,PASSED
"setText(findTestObject(""CreateRoom_Mattermose_OR/textarea_(optional)_newChannelHeader""), Description)",Chrome 90.0.4430.212,,,2021-05-28 17:56:04,2021-05-28 17:56:05,0.884s,PASSED
"click(findTestObject(""CreateRoom_Mattermose_OR/button_Create Channel""))",Chrome 90.0.4430.212,,,2021-05-28 17:56:05,2021-05-28 17:56:06,0.615s,PASSED
"if (verifyElementPresent(findTestObject(""CreateRoom_Mattermose_OR/p_A channel with that name already exists on the same team""), 0, OPTIONAL))",Chrome 90.0.4430.212,,,2021-05-28 17:56:06,2021-05-28 17:56:07,1.543s,PASSED
,,,,,,,
Test Cases/CreateRoom,Chrome 90.0.4430.212,,,2021-05-28 17:56:07,2021-05-28 17:56:29,21.798s,PASSED
"openBrowser("""")",Chrome 90.0.4430.212,,,2021-05-28 17:56:07,2021-05-28 17:56:09,1.525s,PASSED
"navigateToUrl(""https://cdnc-group2.herokuapp.com"")",Chrome 90.0.4430.212,,,2021-05-28 17:56:09,2021-05-28 17:56:13,3.862s,PASSED
"setText(findTestObject(""Object Repository/Login_Mattermost_OR/input_All team communication in one place, _dcc84b""), ""ngoctin040999@gmail.com"")",Chrome 90.0.4430.212,,,2021-05-28 17:56:13,2021-05-28 17:56:18,5.778s,PASSED
"setText(findTestObject(""Object Repository/Login_Mattermost_OR/input_All team communication in one place, _a3edc6""), ""ngoctin1"")",Chrome 90.0.4430.212,,,2021-05-28 17:56:18,2021-05-28 17:56:19,0.695s,PASSED
"click(findTestObject(""Object Repository/Login_Mattermost_OR/span_Sign in""))",Chrome 90.0.4430.212,,,2021-05-28 17:56:19,2021-05-28 17:56:20,0.539s,PASSED
"click(findTestObject(""CreateRoom_Mattermose_OR/span_""))",Chrome 90.0.4430.212,,,2021-05-28 17:56:20,2021-05-28 17:56:23,3.572s,PASSED
"verifyElementPresent(findTestObject(""CreateRoom_Mattermose_OR/span_New Channel""), 0)",Chrome 90.0.4430.212,,,2021-05-28 17:56:23,2021-05-28 17:56:24,0.452s,PASSED
switch (Type),Chrome 90.0.4430.212,,,2021-05-28 17:56:24,2021-05-28 17:56:24,0.388s,PASSED
"setText(findTestObject(""CreateRoom_Mattermose_OR/input_Name_newChannelName""), ChannelName)",Chrome 90.0.4430.212,,,2021-05-28 17:56:24,2021-05-28 17:56:25,0.738s,PASSED
"setText(findTestObject(""CreateRoom_Mattermose_OR/textarea_(optional)_newChannelPurpose""), Purpose)",Chrome 90.0.4430.212,,,2021-05-28 17:56:25,2021-05-28 17:56:26,1.168s,PASSED
"setText(findTestObject(""CreateRoom_Mattermose_OR/textarea_(optional)_newChannelHeader""), Description)",Chrome 90.0.4430.212,,,2021-05-28 17:56:26,2021-05-28 17:56:27,0.947s,PASSED
"click(findTestObject(""CreateRoom_Mattermose_OR/button_Create Channel""))",Chrome 90.0.4430.212,,,2021-05-28 17:56:27,2021-05-28 17:56:27,0.580s,PASSED
"if (verifyElementPresent(findTestObject(""CreateRoom_Mattermose_OR/p_A channel with that name already exists on the same team""), 0, OPTIONAL))",Chrome 90.0.4430.212,,,2021-05-28 17:56:27,2021-05-28 17:56:29,1.544s,PASSED
,,,,,,,
Test Cases/CreateTeam,Chrome 90.0.4430.212,,,2021-05-28 17:56:29,2021-05-28 17:57:23,53.775s,PASSED
"openBrowser("""")",Chrome 90.0.4430.212,,,2021-05-28 17:56:29,2021-05-28 17:56:31,1.595s,PASSED
"navigateToUrl(""https://cdnc-group2.herokuapp.com/"")",Chrome 90.0.4430.212,,,2021-05-28 17:56:31,2021-05-28 17:56:37,5.719s,PASSED
"setText(findTestObject(""Object Repository/Page_Mattermost/input_All team communication in one place, _dcc84b""), ""ngoctin040999@gmail.com"")",Chrome 90.0.4430.212,,,2021-05-28 17:56:37,2021-05-28 17:56:43,6.262s,PASSED
"setEncryptedText(findTestObject(""Object Repository/Page_Mattermost/input_All team communication in one place, _a3edc6""), ""S8w1SJvl7D1hts9IdMV+NQ=="")",Chrome 90.0.4430.212,,,2021-05-28 17:56:43,2021-05-28 17:56:44,0.632s,PASSED
"click(findTestObject(""Object Repository/Page_Mattermost/button_Sign in""))",Chrome 90.0.4430.212,,,2021-05-28 17:56:44,2021-05-28 17:56:44,0.632s,PASSED
"click(findTestObject(""Object Repository/Page_Town Square - Thanh Tien test Mattermost/svg""))",Chrome 90.0.4430.212,,,2021-05-28 17:56:44,2021-05-28 17:57:16,31.696s,PASSED
"click(findTestObject(""Object Repository/Page_Town Square - Thanh Tien test Mattermost/span_Create a Team""))",Chrome 90.0.4430.212,,,2021-05-28 17:57:16,2021-05-28 17:57:16,0.593s,PASSED
"setText(findTestObject(""Object Repository/Page_Town Square - Thanh Tien test Mattermost/input_Team Name_teamNameInput""), ""NewTeam1"")",Chrome 90.0.4430.212,,,2021-05-28 17:57:16,2021-05-28 17:57:18,1.269s,PASSED
"click(findTestObject(""Object Repository/Page_Town Square - Thanh Tien test Mattermost/button_Next""))",Chrome 90.0.4430.212,,,2021-05-28 17:57:18,2021-05-28 17:57:18,0.606s,PASSED
"click(findTestObject(""Object Repository/Page_Town Square - Thanh Tien test Mattermost/input_httpscdnc-group2.herokuapp.com_teamURLInput""))",Chrome 90.0.4430.212,,,2021-05-28 17:57:18,2021-05-28 17:57:19,0.947s,PASSED
"setText(findTestObject(""Object Repository/Page_Town Square - Thanh Tien test Mattermost/input_httpscdnc-group2.herokuapp.com_teamURLInput""), ""newteam1"")",Chrome 90.0.4430.212,,,2021-05-28 17:57:19,2021-05-28 17:57:20,0.898s,PASSED
"click(findTestObject(""Object Repository/Page_Town Square - Thanh Tien test Mattermost/span_Finish""))",Chrome 90.0.4430.212,,,2021-05-28 17:57:20,2021-05-28 17:57:21,0.597s,PASSED
closeBrowser(),Chrome 90.0.4430.212,,,2021-05-28 17:57:21,2021-05-28 17:57:23,2.000s,PASSED
,,,,,,,
Test Cases/Main/TestcaseAddDMsToFavorites,Chrome 90.0.4430.212,,,2021-05-28 17:57:23,2021-05-28 17:58:18,55.256s,FAILED
"callTestCase(findTestCase(""PreCondition/Login""), [:], STOP_ON_FAILURE)",Chrome 90.0.4430.212,,,2021-05-28 17:57:24,2021-05-28 17:57:43,18.997s,PASSED
"btnTest1DMs = findTestObject(""Object Repository/SaveMsgInDMs/Page_Town Square - 123 Mattermost/span_test1"")",Chrome 90.0.4430.212,,,2021-05-28 17:57:43,2021-05-28 17:57:43,0.152s,PASSED
"btnStar = findTestObject(""Object Repository/AddDMsToFavorites/Page_test1 - 123 Mattermost/i_Drop a file to upload it_icon fa fa-star-o"")",Chrome 90.0.4430.212,,,2021-05-28 17:57:43,2021-05-28 17:57:43,0.315s,PASSED
if (btnTest1DMs != null && btnStar != null),Chrome 90.0.4430.212,,,2021-05-28 17:57:43,2021-05-28 17:58:18,34.785s,FAILED
,,,,,,,
Test Cases/Main/TestCaseCreateDirectMessages,Chrome 90.0.4430.212,,,2021-05-28 17:58:18,2021-05-28 17:58:40,22.404s,PASSED
"callTestCase(findTestCase(""PreCondition/Login""), [:], STOP_ON_FAILURE)",Chrome 90.0.4430.212,,,2021-05-28 17:58:19,2021-05-28 17:58:34,15.081s,PASSED
"click(findTestObject(""Object Repository/CreateDirectMessages/Page_Town Square - 123 Mattermost/span_""))",Chrome 90.0.4430.212,,,2021-05-28 17:58:34,2021-05-28 17:58:38,4.114s,PASSED
"click(findTestObject(""Object Repository/CreateDirectMessages/Page_Town Square - 123 Mattermost/i_test1gmail.com_fa fa-plus""))",Chrome 90.0.4430.212,,,2021-05-28 17:58:38,2021-05-28 17:58:39,1.564s,PASSED
"click(findTestObject(""Object Repository/CreateDirectMessages/Page_Town Square - 123 Mattermost/span_Go""))",Chrome 90.0.4430.212,,,2021-05-28 17:58:39,2021-05-28 17:58:40,1.135s,PASSED
,,,,,,,
Test Cases/Main/TestCaseCreateMsgInDMs,Chrome 90.0.4430.212,,,2021-05-28 17:58:40,2021-05-28 17:59:05,24.664s,PASSED
"callTestCase(findTestCase(""PreCondition/Login""), [:], STOP_ON_FAILURE)",Chrome 90.0.4430.212,,,2021-05-28 17:58:41,2021-05-28 17:58:58,16.402s,PASSED
"click(findTestObject(""Object Repository/CreateMsgInDMs/Page_Town Square - 123 Mattermost/span_test1""))",Chrome 90.0.4430.212,,,2021-05-28 17:58:58,2021-05-28 17:59:02,4.176s,PASSED
"setText(findTestObject(""Object Repository/CreateMsgInDMs/Page_test1 - 123 Mattermost/textarea_chat""), ""hello you"")",Chrome 90.0.4430.212,,,2021-05-28 17:59:02,2021-05-28 17:59:04,2.704s,PASSED
"sendKeys(findTestObject(""Object Repository/CreateMsgInDMs/Page_test1 - 123 Mattermost/textarea_chat""), Keys.chord(ENTER))",Chrome 90.0.4430.212,,,2021-05-28 17:59:04,2021-05-28 17:59:05,0.649s,PASSED
,,,,,,,
Test Cases/Main/TestcaseDeleteMsgInDMs,Chrome 90.0.4430.212,,,2021-05-28 17:59:05,2021-05-28 17:59:27,21.588s,PASSED
"callTestCase(findTestCase(""PreCondition/Login""), [:], STOP_ON_FAILURE)",Chrome 90.0.4430.212,,,2021-05-28 17:59:06,2021-05-28 17:59:22,15.852s,PASSED
"click(findTestObject(""Object Repository/DeleteMsgInDMs/Page_Town Square - 123 Mattermost/span_test1""))",Chrome 90.0.4430.212,,,2021-05-28 17:59:22,2021-05-28 17:59:26,4.579s,PASSED
"pMsg = findTestObject(""Object Repository/DeleteMsgInDMs/Page_test1 - 123 Mattermost/p_hello"")",Chrome 90.0.4430.212,,,2021-05-28 17:59:26,2021-05-28 17:59:26,0.093s,PASSED
"iconMore = findTestObject(""Object Repository/DeleteMsgInDMs/Page_test1 - 123 Mattermost/button_ngoctin02806_CENTER_button_fk8osp8hr_51f43c"")",Chrome 90.0.4430.212,,,2021-05-28 17:59:26,2021-05-28 17:59:26,0.080s,PASSED
"btnDelete = findTestObject(""Object Repository/DeleteMsgInDMs/Page_test1 - 123 Mattermost/button_Delete"")",Chrome 90.0.4430.212,,,2021-05-28 17:59:26,2021-05-28 17:59:27,0.122s,PASSED
"btnSubmitDeleted = findTestObject(""Object Repository/DeleteMsgInDMs/Page_test1 - 123 Mattermost/button_Delete_1"")",Chrome 90.0.4430.212,,,2021-05-28 17:59:27,2021-05-28 17:59:27,0.180s,PASSED
if (pMsg != null && iconMore == null && btnDelete != null && btnSubmitDeleted == null),Chrome 90.0.4430.212,,,2021-05-28 17:59:27,2021-05-28 17:59:27,0.000s,PASSED
,,,,,,,
Test Cases/Main/TestcaseEditMsgInDMs,Chrome 90.0.4430.212,,,2021-05-28 17:59:27,2021-05-28 18:00:31,1m - 3.816s,FAILED
"callTestCase(findTestCase(""PreCondition/Login""), [:], STOP_ON_FAILURE)",Chrome 90.0.4430.212,,,2021-05-28 17:59:28,2021-05-28 17:59:48,20.358s,PASSED
"click(findTestObject(""Object Repository/EditMsgInDMs/Page_Town Square - 123 Mattermost/span_test1""))",Chrome 90.0.4430.212,,,2021-05-28 17:59:48,2021-05-28 17:59:52,4.315s,PASSED
"pMsg = findTestObject(""Object Repository/EditMsgInDMs/Page_test1 - 123 Mattermost/div_edited(edited)"")",Chrome 90.0.4430.212,,,2021-05-28 17:59:52,2021-05-28 17:59:52,0.064s,PASSED
"iconMore = findTestObject(""Object Repository/EditMsgInDMs/Page_test1 - 123 Mattermost/button_ngoctin02806_CENTER_button_1fktzgahk3rq8cbwgejm8twfpr"")",Chrome 90.0.4430.212,,,2021-05-28 17:59:52,2021-05-28 17:59:52,0.087s,PASSED
"btnEdit = findTestObject(""Object Repository/EditMsgInDMs/Page_test1 - 123 Mattermost/button_Edit"")",Chrome 90.0.4430.212,,,2021-05-28 17:59:52,2021-05-28 17:59:53,0.073s,PASSED
"btnSubmitEdited = findTestObject(""Object Repository/EditMsgInDMs/Page_test1 - 123 Mattermost/span_Save"")",Chrome 90.0.4430.212,,,2021-05-28 17:59:53,2021-05-28 17:59:53,0.199s,PASSED
if (pMsg != null && iconMore != null && btnEdit != null && btnSubmitEdited != null),Chrome 90.0.4430.212,,,2021-05-28 17:59:53,2021-05-28 18:00:31,37.824s,FAILED
,,,,,,,
Test Cases/Main/TestcaseMarkUnreadMsgInDMs,Chrome 90.0.4430.212,,,2021-05-28 18:00:31,2021-05-28 18:00:53,22.679s,PASSED
"callTestCase(findTestCase(""PreCondition/Login""), [:], STOP_ON_FAILURE)",Chrome 90.0.4430.212,,,2021-05-28 18:00:31,2021-05-28 18:00:46,14.405s,PASSED
"click(findTestObject(""Object Repository/MarkUnreadMsgInDMs/Page_Town Square - 123 Mattermost/span_test1""))",Chrome 90.0.4430.212,,,2021-05-28 18:00:46,2021-05-28 18:00:50,4.368s,PASSED
"pMsg = findTestObject(""Object Repository/MarkUnreadMsgInDMs/Page_test1 - 123 Mattermost/div_ngoctin02806314 PM3Commented on ngoctin02806s message helloreply nek"")",Chrome 90.0.4430.212,,,2021-05-28 18:00:50,2021-05-28 18:00:50,0.087s,PASSED
"iconMore = findTestObject(""Object Repository/MarkUnreadMsgInDMs/Page_test1 - 123 Mattermost/button_ngoctin02806_CENTER_button_gwb3omtcgpngpebj9sr6f7zkuw"")",Chrome 90.0.4430.212,,,2021-05-28 18:00:50,2021-05-28 18:00:50,0.087s,PASSED
"btnMarkUnread = findTestObject(""Object Repository/MarkUnreadMsgInDMs/Page_test1 - 123 Mattermost/button_Mark as Unread"")",Chrome 90.0.4430.212,,,2021-05-28 18:00:50,2021-05-28 18:00:50,0.116s,PASSED
if (pMsg != null && iconMore != null && btnMarkUnread != null),Chrome 90.0.4430.212,,,2021-05-28 18:00:50,2021-05-28 18:00:53,2.902s,PASSED
,,,,,,,
Test Cases/Main/TestCasePinMsgInDMs,Chrome 90.0.4430.212,,,2021-05-28 18:00:53,2021-05-28 18:01:17,24.166s,PASSED
"callTestCase(findTestCase(""PreCondition/Login""), [:], STOP_ON_FAILURE)",Chrome 90.0.4430.212,,,2021-05-28 18:00:54,2021-05-28 18:01:09,14.673s,PASSED
"click(findTestObject(""Object Repository/PinMsgInDMs/Page_Town Square - 123 Mattermost/span_test1""))",Chrome 90.0.4430.212,,,2021-05-28 18:01:09,2021-05-28 18:01:13,4.677s,PASSED
"pMsg = findTestObject(""Object Repository/PinMsgInDMs/Page_test1 - 123 Mattermost/div_ngoctin02806107 PM15ba58ab6023994f93ab3a4e701cf8b8.jpg"")",Chrome 90.0.4430.212,,,2021-05-28 18:01:13,2021-05-28 18:01:13,0.082s,PASSED
"iconMore = findTestObject(""Object Repository/PinMsgInDMs/Page_test1 - 123 Mattermost/button_ngoctin02806_CENTER_button_4xttwiq7ktb45ctc1z5yoqj5ko"")",Chrome 90.0.4430.212,,,2021-05-28 18:01:13,2021-05-28 18:01:13,0.100s,PASSED
"btnPin = findTestObject(""Object Repository/PinMsgInDMs/Page_test1 - 123 Mattermost/button_Pin to Channel"")",Chrome 90.0.4430.212,,,2021-05-28 18:01:13,2021-05-28 18:01:14,0.152s,PASSED
if (pMsg != null && iconMore != null && btnPin != null),Chrome 90.0.4430.212,,,2021-05-28 18:01:14,2021-05-28 18:01:17,3.770s,PASSED
,,,,,,,
Test Cases/Main/TestCaseReactMsgInDMs,Chrome 90.0.4430.212,,,2021-05-28 18:01:17,2021-05-28 18:01:46,28.337s,PASSED
"callTestCase(findTestCase(""PreCondition/Login""), [:], STOP_ON_FAILURE)",Chrome 90.0.4430.212,,,2021-05-28 18:01:18,2021-05-28 18:01:37,18.612s,PASSED
"click(findTestObject(""Object Repository/ReactMsgInDMs/Page_Town Square - 123 Mattermost/span_test1""))",Chrome 90.0.4430.212,,,2021-05-28 18:01:37,2021-05-28 18:01:41,4.698s,PASSED
"pMsg = findTestObject(""Object Repository/ReactMsgInDMs/Page_test1 - 123 Mattermost/div_ngoctin02806203 PMedited3(edited)1"")",Chrome 90.0.4430.212,,,2021-05-28 18:01:41,2021-05-28 18:01:41,0.070s,PASSED
"btnReact = findTestObject(""Object Repository/ReactMsgInDMs/Page_test1 - 123 Mattermost/button_ngoctin02806_CENTER_reaction_1fktzgahk3rq8cbwgejm8twfpr"")",Chrome 90.0.4430.212,,,2021-05-28 18:01:41,2021-05-28 18:01:41,0.081s,PASSED
"selectedEmotion = findTestObject(""Object Repository/ReactMsgInDMs/Page_test1 - 123 Mattermost/img_People_emoji-1f601"")",Chrome 90.0.4430.212,,,2021-05-28 18:01:41,2021-05-28 18:01:42,0.093s,PASSED
if (pMsg != null && btnReact != null && selectedEmotion != null),Chrome 90.0.4430.212,,,2021-05-28 18:01:42,2021-05-28 18:01:46,4.144s,PASSED
,,,,,,,
Test Cases/Main/TestCaseReplyMsgInDMs,Chrome 90.0.4430.212,,,2021-05-28 18:01:46,2021-05-28 18:04:21,2m - 34.837s,FAILED
"callTestCase(findTestCase(""PreCondition/Login""), [:], STOP_ON_FAILURE)",Chrome 90.0.4430.212,,,2021-05-28 18:01:46,2021-05-28 18:02:03,16.702s,PASSED
"click(findTestObject(""Object Repository/ReplyMsgInDMs/Page_Town Square - 123 Mattermost/span_test1""))",Chrome 90.0.4430.212,,,2021-05-28 18:02:03,2021-05-28 18:02:09,5.818s,PASSED
"btnReply = findTestObject(""Object Repository/ReplyMsgInDMs/Page_test1 - 123 Mattermost/svg"")",Chrome 90.0.4430.212,,,2021-05-28 18:02:09,2021-05-28 18:02:09,0.100s,PASSED
"inputReply = findTestObject(""Object Repository/ReplyMsgInDMs/Page_test1 - 123 Mattermost/textarea_lo la"")",Chrome 90.0.4430.212,,,2021-05-28 18:02:09,2021-05-28 18:02:09,0.188s,PASSED
"btnSubmitReply = findTestObject(""Object Repository/ReplyMsgInDMs/Page_test1 - 123 Mattermost/input_Help_addCommentButton"")",Chrome 90.0.4430.212,,,2021-05-28 18:02:09,2021-05-28 18:02:09,0.174s,PASSED
if (btnReply != null && inputReply != null && btnSubmitReply != null),Chrome 90.0.4430.212,,,2021-05-28 18:02:09,2021-05-28 18:04:21,2m - 11.235s,FAILED
,,,,,,,
Test Cases/Main/TestCaseSaveMsgInDMs,Chrome 90.0.4430.212,,,2021-05-28 18:04:21,2021-05-28 18:04:41,20.434s,PASSED
"callTestCase(findTestCase(""PreCondition/Login""), [:], STOP_ON_FAILURE)",Chrome 90.0.4430.212,,,2021-05-28 18:04:21,2021-05-28 18:04:34,13.169s,PASSED
"click(findTestObject(""Object Repository/SaveMsgInDMs/Page_Town Square - 123 Mattermost/span_test1""))",Chrome 90.0.4430.212,,,2021-05-28 18:04:34,2021-05-28 18:04:38,3.950s,PASSED
"pMsg = findTestObject(""Object Repository/SaveMsgInDMs/Page_test1 - 123 Mattermost/div_ngoctin02806203 PMedited3(edited)11"")",Chrome 90.0.4430.212,,,2021-05-28 18:04:38,2021-05-28 18:04:38,0.092s,PASSED
"btnSave = findTestObject(""Object Repository/SaveMsgInDMs/Page_test1 - 123 Mattermost/button_ngoctin02806_CENTER_flagIcon_1fktzgahk3rq8cbwgejm8twfpr"")",Chrome 90.0.4430.212,,,2021-05-28 18:04:38,2021-05-28 18:04:38,0.096s,PASSED
if (pMsg != null && btnSave != null),Chrome 90.0.4430.212,,,2021-05-28 18:04:38,2021-05-28 18:04:41,2.523s,PASSED
,,,,,,,
Test Cases/ForgetPassword,Chrome 90.0.4430.212,,,2021-05-28 18:04:41,2021-05-28 18:04:58,16.514s,PASSED
"openBrowser("""")",Chrome 90.0.4430.212,,,2021-05-28 18:04:42,2021-05-28 18:04:44,2.464s,PASSED
"navigateToUrl(""https://cdnc-group2.herokuapp.com/"")",Chrome 90.0.4430.212,,,2021-05-28 18:04:44,2021-05-28 18:04:48,4.251s,PASSED
"click(findTestObject(""Object Repository/ForgetPassword_Mattermost_OR/span_I forgot my password""))",Chrome 90.0.4430.212,,,2021-05-28 18:04:48,2021-05-28 18:04:54,5.209s,PASSED
"setText(findTestObject(""Object Repository/ForgetPassword_Mattermost_OR/input_To reset your password, enter the email address you used to sign up_email""), ""ngoctin040999@gmail.com"")",Chrome 90.0.4430.212,,,2021-05-28 18:04:54,2021-05-28 18:04:55,1.288s,PASSED
"click(findTestObject(""Object Repository/ForgetPassword_Mattermost_OR/button_Reset my password""))",Chrome 90.0.4430.212,,,2021-05-28 18:04:55,2021-05-28 18:04:55,0.505s,PASSED
"verifyElementPresent(findTestObject(""Object Repository/ForgetPassword_Mattermost_OR/label_Failed to send password reset email successfully""), 1000)",Chrome 90.0.4430.212,,,2021-05-28 18:04:55,2021-05-28 18:04:57,1.476s,PASSED
closeBrowser(),Chrome 90.0.4430.212,,,2021-05-28 18:04:57,2021-05-28 18:04:58,0.742s,PASSED
,,,,,,,
Test Cases/ForgetPassword,Chrome 90.0.4430.212,,,2021-05-28 18:04:58,2021-05-28 18:05:13,14.950s,PASSED
"openBrowser("""")",Chrome 90.0.4430.212,,,2021-05-28 18:04:58,2021-05-28 18:04:59,1.797s,PASSED
"navigateToUrl(""https://cdnc-group2.herokuapp.com/"")",Chrome 90.0.4430.212,,,2021-05-28 18:04:59,2021-05-28 18:05:03,3.998s,PASSED
"click(findTestObject(""Object Repository/ForgetPassword_Mattermost_OR/span_I forgot my password""))",Chrome 90.0.4430.212,,,2021-05-28 18:05:03,2021-05-28 18:05:09,5.142s,PASSED
"setText(findTestObject(""Object Repository/ForgetPassword_Mattermost_OR/input_To reset your password, enter the email address you used to sign up_email""), ""ngoctin040999@gmail.com"")",Chrome 90.0.4430.212,,,2021-05-28 18:05:09,2021-05-28 18:05:10,1.282s,PASSED
"click(findTestObject(""Object Repository/ForgetPassword_Mattermost_OR/button_Reset my password""))",Chrome 90.0.4430.212,,,2021-05-28 18:05:10,2021-05-28 18:05:10,0.489s,PASSED
"verifyElementPresent(findTestObject(""Object Repository/ForgetPassword_Mattermost_OR/label_Failed to send password reset email successfully""), 1000)",Chrome 90.0.4430.212,,,2021-05-28 18:05:10,2021-05-28 18:05:11,0.813s,PASSED
closeBrowser(),Chrome 90.0.4430.212,,,2021-05-28 18:05:11,2021-05-28 18:05:13,1.421s,PASSED
,,,,,,,
Test Cases/ForgetPassword,Chrome 90.0.4430.212,,,2021-05-28 18:05:13,2021-05-28 18:05:30,17.719s,PASSED
"openBrowser("""")",Chrome 90.0.4430.212,,,2021-05-28 18:05:13,2021-05-28 18:05:14,1.863s,PASSED
"navigateToUrl(""https://cdnc-group2.herokuapp.com/"")",Chrome 90.0.4430.212,,,2021-05-28 18:05:14,2021-05-28 18:05:19,4.383s,PASSED
"click(findTestObject(""Object Repository/ForgetPassword_Mattermost_OR/span_I forgot my password""))",Chrome 90.0.4430.212,,,2021-05-28 18:05:19,2021-05-28 18:05:27,7.931s,PASSED
"setText(findTestObject(""Object Repository/ForgetPassword_Mattermost_OR/input_To reset your password, enter the email address you used to sign up_email""), ""ngoctin040999@gmail.com"")",Chrome 90.0.4430.212,,,2021-05-28 18:05:27,2021-05-28 18:05:28,1.241s,PASSED
"click(findTestObject(""Object Repository/ForgetPassword_Mattermost_OR/button_Reset my password""))",Chrome 90.0.4430.212,,,2021-05-28 18:05:28,2021-05-28 18:05:28,0.449s,PASSED
"verifyElementPresent(findTestObject(""Object Repository/ForgetPassword_Mattermost_OR/label_Failed to send password reset email successfully""), 1000)",Chrome 90.0.4430.212,,,2021-05-28 18:05:28,2021-05-28 18:05:29,1.060s,PASSED
closeBrowser(),Chrome 90.0.4430.212,,,2021-05-28 18:05:29,2021-05-28 18:05:30,0.785s,PASSED
,,,,,,,
Test Cases/ForgetPassword,Chrome 90.0.4430.212,,,2021-05-28 18:05:30,2021-05-28 18:05:47,17.177s,PASSED
"openBrowser("""")",Chrome 90.0.4430.212,,,2021-05-28 18:05:30,2021-05-28 18:05:32,1.884s,PASSED
"navigateToUrl(""https://cdnc-group2.herokuapp.com/"")",Chrome 90.0.4430.212,,,2021-05-28 18:05:32,2021-05-28 18:05:38,5.739s,PASSED
"click(findTestObject(""Object Repository/ForgetPassword_Mattermost_OR/span_I forgot my password""))",Chrome 90.0.4430.212,,,2021-05-28 18:05:38,2021-05-28 18:05:43,5.024s,PASSED
"setText(findTestObject(""Object Repository/ForgetPassword_Mattermost_OR/input_To reset your password, enter the email address you used to sign up_email""), ""ngoctin040999@gmail.com"")",Chrome 90.0.4430.212,,,2021-05-28 18:05:43,2021-05-28 18:05:44,1.255s,PASSED
"click(findTestObject(""Object Repository/ForgetPassword_Mattermost_OR/button_Reset my password""))",Chrome 90.0.4430.212,,,2021-05-28 18:05:44,2021-05-28 18:05:45,0.445s,PASSED
"verifyElementPresent(findTestObject(""Object Repository/ForgetPassword_Mattermost_OR/label_Failed to send password reset email successfully""), 1000)",Chrome 90.0.4430.212,,,2021-05-28 18:05:45,2021-05-28 18:05:46,1.576s,PASSED
closeBrowser(),Chrome 90.0.4430.212,,,2021-05-28 18:05:46,2021-05-28 18:05:47,1.246s,PASSED
,,,,,,,
Test Cases/ForgetPassword,Chrome 90.0.4430.212,,,2021-05-28 18:05:47,2021-05-28 18:06:05,17.939s,PASSED
"openBrowser("""")",Chrome 90.0.4430.212,,,2021-05-28 18:05:47,2021-05-28 18:05:49,2.019s,PASSED
"navigateToUrl(""https://cdnc-group2.herokuapp.com/"")",Chrome 90.0.4430.212,,,2021-05-28 18:05:49,2021-05-28 18:05:57,7.173s,PASSED
"click(findTestObject(""Object Repository/ForgetPassword_Mattermost_OR/span_I forgot my password""))",Chrome 90.0.4430.212,,,2021-05-28 18:05:57,2021-05-28 18:06:02,5.028s,PASSED
"setText(findTestObject(""Object Repository/ForgetPassword_Mattermost_OR/input_To reset your password, enter the email address you used to sign up_email""), ""ngoctin040999@gmail.com"")",Chrome 90.0.4430.212,,,2021-05-28 18:06:02,2021-05-28 18:06:03,1.320s,PASSED
"click(findTestObject(""Object Repository/ForgetPassword_Mattermost_OR/button_Reset my password""))",Chrome 90.0.4430.212,,,2021-05-28 18:06:03,2021-05-28 18:06:03,0.447s,PASSED
"verifyElementPresent(findTestObject(""Object Repository/ForgetPassword_Mattermost_OR/label_Failed to send password reset email successfully""), 1000)",Chrome 90.0.4430.212,,,2021-05-28 18:06:03,2021-05-28 18:06:05,1.129s,PASSED
closeBrowser(),Chrome 90.0.4430.212,,,2021-05-28 18:06:05,2021-05-28 18:06:05,0.816s,PASSED
,,,,,,,
Test Cases/ForgetPassword,Chrome 90.0.4430.212,,,2021-05-28 18:06:05,2021-05-28 18:06:20,14.784s,PASSED
"openBrowser("""")",Chrome 90.0.4430.212,,,2021-05-28 18:06:05,2021-05-28 18:06:07,1.954s,PASSED
"navigateToUrl(""https://cdnc-group2.herokuapp.com/"")",Chrome 90.0.4430.212,,,2021-05-28 18:06:07,2021-05-28 18:06:12,4.492s,PASSED
"click(findTestObject(""Object Repository/ForgetPassword_Mattermost_OR/span_I forgot my password""))",Chrome 90.0.4430.212,,,2021-05-28 18:06:12,2021-05-28 18:06:17,4.893s,PASSED
"setText(findTestObject(""Object Repository/ForgetPassword_Mattermost_OR/input_To reset your password, enter the email address you used to sign up_email""), ""ngoctin040999@gmail.com"")",Chrome 90.0.4430.212,,,2021-05-28 18:06:17,2021-05-28 18:06:18,1.300s,PASSED
"click(findTestObject(""Object Repository/ForgetPassword_Mattermost_OR/button_Reset my password""))",Chrome 90.0.4430.212,,,2021-05-28 18:06:18,2021-05-28 18:06:19,0.443s,PASSED
"verifyElementPresent(findTestObject(""Object Repository/ForgetPassword_Mattermost_OR/label_Failed to send password reset email successfully""), 1000)",Chrome 90.0.4430.212,,,2021-05-28 18:06:19,2021-05-28 18:06:19,0.815s,PASSED
closeBrowser(),Chrome 90.0.4430.212,,,2021-05-28 18:06:19,2021-05-28 18:06:20,0.878s,PASSED
